,age,height,weight,bellyCirc,waistCirc,wristCirc,neckCirc,ArmLength,ThighCirc,shoulderWidth,Hips,armfitCirc,inseam,bodyLength,headCirc,hipLength,shoulderDegree,bodyvalue
0,22,158,50,75,67,15,31,52,52,40,86,37,71,55,57,22,29,229
1,21,153,51,80,72,15,32,54,53,39,90,39,69,53,56,20,25,242
2,21,161,59,81,71,16,30,55,58,40,93,38,75,57,56,23,26,249
3,24,154,44,72,64,14,29,53,49,39,86,34,70,55,56,20,25,214
4,20,155,47,68,62,15,32,52,55,38,87,34,69,59,54,23,26,211
5,20,157,51,73,62,16,30,51,55,39,90,35,70,55,57,19,25,221
6,20,162,58,86,76,16,32,55,55,44,97,37,73,59,56,21,28,257
7,21,155,52,74,67,16,29,50,55,40,92,38,67,57,54,20,24,231
8,23,174,70,88,77,17,35,59,60,42,101,42,82,62,61,23,26,277
9,20,156,57,78,71,15,33,53,59,39,94,38,69,56,58,21,23,244
10,20,161,55,75,66,17,31,56,56,39,92,38,73,57,56,21,24,234
11,20,160,69,88,77,16,32,55,62,41,105,43,70,61,58,22,23,277
12,20,167,63,84,70,16,32,57,63,40,98,39,75,61,57,23,24,256
13,20,161,56,81,67,16,30,53,57,40,97,39,71,60,55,22,24,243
14,24,163,53,79,68,17,30,55,53,40,93,41,74,58,56,22,23,241
15,20,164,54,73,67,18,30,58,54,36,94,36,75,57,58,21,21,230
16,24,161,48,72,60,16,30,56,54,40,91,36,72,58,55,22,30,216
17,24,156,51,78,69,15,30,53,54,36,91,36,72,54,56,20,25,234
18,21,156,52,73,66,16,31,51,52,35,90,38,69,55,55,20,22,229
19,28,156,56,84,74,16,31,53,56,37,95,39,72,55,55,21,19,253
20,23,157,58,84,76,16,31,52,60,40,99,39,72,57,55,21,25,257
21,24,160,60,81,68,16,30,54,60,37,97,38,74,57,57,20,21,247
22,20,157,55,75,67,17,31,56,58,40,92,39,70,56,59,21,25,236
23,20,158,55,72,67,17,32,56,57,41,94,37,76,53,56,19,24,231
24,24,156,48,76,68,16,30,51,52,39,90,37,68,55,54,21,26,229
25,22,165,51,77,66,16,31,55,53,41,91,37,73,58,55,21,25,231
26,22,165,58,78,73,16,31,55,57,38,95,39,71,61,60,23,19,248
27,21,157,48,72,64,17,29,56,53,35,88,35,72,55,55,21,23,219
28,23,171,55,69,64,16,30,57,51,39,91,36,79,61,58,22,25,224
29,25,171,50,73,63,17,30,57,50,41,92,35,81,58,58,21,20,221
30,29,166,50,76,68,15,29,56,52,40,89,37,76,59,58,22,25,231
31,22,157,44,73,65,15,28,56,50,39,84,33,73,57,55,22,29,215
32,22,158,59,82,81,16,32,53,56,43,93,39,72,54,58,21,27,261
33,21,171,57,78,71,16,31,56,53,44,93,39,79,61,56,21,19,245
34,26,161,45,68,62,15,29,53,48,40,87,36,73,58,54,20,26,211
35,28,165,54,80,68,15,31,56,55,42,94,38,76,58,57,21,24,240
36,26,153,41,69,63,14,28,50,48,38,84,34,70,55,54,20,21,207
37,26,162,66,85,78,17,34,53,63,40,104,39,71,59,59,20,25,268
38,29,169,59,85,70,16,31,58,55,42,93,39,78,60,54,19,19,253
39,26,169,79,95,83,19,38,53,64,45,105,47,73,63,59,24,24,304
40,27,155,58,82,74,16,31,49,59,41,94,41,68,56,60,19,28,255
41,21,163,73,91,83,18,34,52,64,41,104,37,73,57,59,20,21,284
42,29,172,51,71,61,16,31,57,52,41,90,36,78,59,57,21,29,219
43,25,166,61,84,74,17,31,56,55,40,97,40,73,62,57,21,21,259
44,23,156,46,66,60,16,30,49,54,37,89,36,69,56,57,21,27,208
45,29,165,61,86,74,16,31,52,60,41,99,39,72,58,58,21,25,260
46,26,155,52,78,64,17,30,51,55,41,93,39,69,53,56,22,23,233
47,27,166,60,84,73,16,31,56,59,38,95,40,76,57,58,24,21,257
48,22,161,54,78,68,17,30,52,54,42,93,38,72,58,58,21,25,238
49,28,158,60,84,74,18,31,52,60,40,97,41,73,57,56,22,19,259
50,26,150,48,75,66,15,30,48,55,39,90,35,67,53,55,18,23,224
51,24,159,49,72,63,16,32,52,51,40,90,36,72,57,58,20,26,220
52,21,167,46,70,60,16,29,53,47,38,84,35,76,61,56,23,26,211
53,21,161,54,78,70,17,31,54,54,41,92,38,73,56,57,19,24,240
54,28,170,70,92,82,18,33,55,64,47,101,41,80,59,57,20,26,285
55,25,169,65,86,76,16,32,55,59,43,98,41,79,59,57,21,24,268
56,27,166,52,74,65,16,30,56,51,42,90,38,77,57,55,20,22,229
57,31,157,46,74,63,16,31,51,52,41,88,35,73,55,55,20,23,218
58,28,160,57,84,75,16,32,51,57,39,95,39,74,55,56,19,24,255
59,30,165,51,77,65,15,31,53,53,41,90,36,74,60,55,22,26,229
60,24,168,59,80,71,16,32,55,53,42,95,38,74,61,57,22,29,248
61,27,163,46,72,64,14,29,55,52,38,88,37,76,59,56,24,23,219
62,29,165,63,79,72,16,30,54,63,39,99,39,74,59,57,23,23,253
63,23,158,55,80,74,16,34,53,57,39,91,41,70,58,55,22,22,250
64,23,159,53,79,71,16,30,51,51,38,90,37,73,56,55,21,24,240
65,24,164,49,70,65,15,29,55,52,37,89,36,76,56,55,17,23,220
66,30,155,57,80,75,15,32,50,56,36,95,40,68,58,55,22,17,252
67,28,162,50,74,65,15,30,54,54,38,91,35,72,59,55,22,22,224
68,38,154,50,71,67,16,30,52,55,37,93,36,69,56,56,20,23,224
69,32,151,60,82,75,17,31,52,61,36,97,38,67,56,56,21,24,255
70,30,153,46,73,67,15,29,52,49,36,86,36,69,54,57,19,23,222
71,30,166,50,71,66,16,30,55,52,39,91,34,77,60,52,22,27,221
72,30,168,54,76,68,16,30,58,53,43,92,37,78,61,55,23,24,235
73,32,155,50,77,71,17,32,54,56,36,88,38,71,53,56,17,26,236
74,34,165,49,71,61,15,29,56,51,34,88,36,77,56,55,20,20,217
75,34,161,42,68,61,15,29,55,46,39,85,34,77,54,55,19,25,205
76,31,150,52,80,71,14,31,53,57,35,94,37,68,54,57,19,26,240
77,30,157,45,63,60,16,31,50,52,38,86,32,70,56,56,22,29,200
78,34,156,59,78,70,16,32,55,63,37,98,38,72,58,57,21,26,245
79,31,159,48,70,64,15,31,54,52,36,89,34,73,56,56,21,24,216
80,32,164,47,72,65,15,29,57,48,36,88,36,78,57,55,20,20,220
81,28,155,47,70,63,15,31,52,51,39,87,35,70,56,58,21,29,215
82,32,163,59,78,69,15,30,56,58,36,93,39,77,54,56,20,27,245
83,34,162,54,74,65,17,31,54,56,37,90,37,73,60,59,24,23,230
84,31,165,79,88,87,18,36,56,66,42,106,44,71,63,57,19,20,298
85,31,153,67,94,90,15,36,53,61,41,103,40,71,54,57,16,25,291
86,36,157,54,78,69,16,31,54,56,38,94,38,71,56,54,22,23,239
87,33,156,47,72,67,15,31,51,56,36,92,35,68,55,54,19,27,221
88,33,156,70,98,87,16,36,51,63,41,102,44,70,56,55,20,24,299
89,29,159,51,78,66,15,31,53,54,40,90,37,73,56,55,20,26,232
90,33,164,60,83,70,16,32,55,57,40,98,41,73,59,57,23,26,254
91,34,161,56,78,70,17,32,54,54,39,91,40,72,58,54,21,22,244
92,34,155,44,72,63,16,28,51,49,40,85,33,71,55,54,20,27,212
93,39,157,43,73,66,15,29,51,48,41,86,35,73,56,50,19,26,217
94,39,152,49,73,69,15,30,49,54,39,88,37,68,56,55,21,25,228
95,37,170,57,82,67,16,30,55,55,42,94,39,77,64,55,25,25,245
96,30,166,53,76,68,17,31,56,48,38,90,41,77,59,56,22,20,238
97,27,153,54,81,70,15,32,52,55,40,90,37,68,53,56,21,22,242
98,30,167,58,77,62,16,30,52,55,42,96,42,70,64,55,26,21,239
99,32,156,67,86,79,16,33,50,61,39,99,41,70,56,57,21,23,273
100,35,160,43,67,61,16,29,53,46,40,83,35,75,57,56,19,27,206
101,34,160,54,80,70,17,34,52,52,40,91,38,72,59,58,23,23,242
102,26,160,56,82,69,15,30,56,57,39,93,39,71,57,54,22,18,246
103,33,157,54,80,70,16,31,51,55,40,93,39,69,61,55,22,22,243
104,30,162,50,77,63,16,32,52,51,37,88,37,74,57,57,22,24,227
105,33,156,58,81,73,16,32,51,59,39,97,40,70,55,56,19,21,252
106,30,159,57,80,67,16,31,53,56,40,93,39,71,59,55,23,20,243
107,30,161,55,78,69,17,31,53,56,41,97,39,72,58,57,22,27,241
108,39,158,50,74,65,16,31,53,54,40,89,35,73,58,54,22,27,224
109,38,160,57,84,73,16,31,53,58,42,97,40,75,58,55,22,24,254
110,34,160,48,74,65,16,31,55,49,38,90,36,75,57,56,21,18,223
111,30,165,49,74,67,15,30,55,51,43,88,38,76,61,54,23,22,228
112,38,161,53,77,66,16,30,53,56,38,95,36,73,58,55,20,23,232
113,31,161,48,77,66,15,30,57,49,41,88,35,76,56,55,18,21,226
114,35,156,53,78,65,16,30,51,55,37,90,37,69,57,57,21,20,233
115,31,165,61,84,73,16,31,53,60,42,96,40,74,58,57,21,29,258
116,32,167,62,88,74,16,31,53,58,39,100,38,74,59,58,23,24,262
117,33,155,45,76,64,16,28,53,47,38,83,34,71,55,53,20,22,219
118,32,160,58,83,73,17,32,54,55,39,97,40,70,59,56,22,24,254
119,31,157,56,82,73,17,32,50,55,42,91,38,72,54,54,19,27,249
120,38,153,47,79,66,17,30,52,49,39,88,37,69,54,53,19,20,229
121,35,154,59,83,71,17,32,50,59,39,99,38,65,57,57,22,24,251
122,32,153,46,69,64,15,29,50,50,37,88,34,68,56,56,21,17,213
123,38,161,48,68,59,18,30,53,55,38,87,36,73,57,55,22,23,211
124,34,162,61,86,77,16,33,55,56,42,96,43,74,57,57,22,25,267
125,39,160,50,73,63,15,31,51,54,40,91,37,71,59,55,23,24,223
126,36,150,55,84,76,16,31,48,57,37,95,38,67,54,58,22,22,253
127,34,174,54,87,73,17,33,55,59,44,98,39,80,65,59,25,26,253
128,36,156,65,82,70,15,31,48,57,42,96,37,69,56,54,20,26,254
129,39,152,43,72,59,15,29,49,50,36,83,34,68,56,56,21,21,208
130,36,154,57,86,74,17,32,50,58,41,92,38,70,56,57,21,23,255
131,36,162,58,81,69,16,31,54,57,43,94,38,73,59,57,23,27,246
132,37,163,59,82,72,18,32,56,56,42,95,42,75,56,58,19,25,255
133,38,168,48,75,65,15,30,57,52,40,88,37,79,58,56,21,25,225
134,34,157,54,74,68,15,31,52,55,40,91,40,70,59,55,23,28,236
135,34,152,43,70,58,15,31,49,50,35,84,34,73,53,55,19,20,205
136,35,165,61,80,69,18,32,55,56,41,97,38,76,58,59,22,22,248
137,39,162,56,76,67,17,32,54,55,40,95,39,76,58,55,21,23,238
138,30,159,55,78,68,17,32,51,52,40,92,38,71,58,58,23,23,239
139,31,160,48,74,62,15,29,52,52,41,90,35,75,58,55,24,24,219
140,32,159,55,78,71,17,30,53,54,38,90,39,71,59,57,21,21,243
141,34,167,51,74,63,15,30,53,52,42,89,37,75,61,57,23,25,225
142,30,163,62,79,79,16,31,55,58,42,98,38,75,59,56,22,27,258
143,32,157,45,74,66,15,29,47,50,38,86,34,68,60,54,24,22,219
144,33,171,84,97,82,18,40,56,66,41,98,49,73,64,62,25,21,312
145,35,163,52,77,66,16,31,55,51,40,91,39,75,59,59,22,22,234
146,38,173,66,84,73,16,33,59,58,43,102,39,81,62,58,23,24,262
147,34,161,63,87,76,17,33,53,60,41,98,41,70,60,57,22,22,267
148,39,155,49,77,68,16,31,50,50,41,87,37,69,55,57,18,22,231
149,35,158,62,84,77,17,33,55,59,37,97,40,67,60,58,19,22,263
150,39,155,53,78,76,15,33,52,57,35,91,37,66,58,57,22,23,244
151,35,162,58,76,73,15,31,56,52,37,93,39,71,60,56,22,18,246
152,37,159,55,90,70,16,32,55,58,37,95,37,67,58,55,23,22,252
153,39,157,50,73,67,14,30,52,53,36,88,35,72,57,55,21,29,225
154,36,161,60,82,74,17,32,53,60,39,100,38,71,59,57,23,24,254
155,38,163,59,83,73,16,32,58,58,36,93,38,74,58,57,24,25,253
156,36,159,49,74,65,14,29,52,54,34,90,37,72,54,55,20,19,225
157,36,158,47,69,64,15,29,54,53,35,88,36,72,56,55,20,23,216
158,39,159,49,70,65,17,30,54,52,40,88,35,73,55,56,19,27,219
159,37,154,48,67,63,17,30,52,55,37,89,35,69,55,53,21,33,213
160,36,162,57,74,65,17,32,54,57,40,91,37,71,59,57,22,30,233
161,35,165,55,79,72,16,33,59,53,38,90,34,75,56,57,19,23,240
162,37,160,57,79,68,16,30,55,55,37,93,40,71,58,55,22,19,244
163,37,163,50,72,65,16,30,56,56,37,98,35,75,60,56,22,24,222
164,37,164,58,88,68,16,31,53,58,36,95,38,73,60,55,23,27,252
165,38,164,55,73,66,17,31,55,57,32,96,41,72,60,56,23,23,235
166,36,158,57,84,75,16,31,53,59,36,94,41,71,55,54,20,29,257
167,38,164,60,78,70,15,32,54,58,37,93,40,74,57,53,21,22,248
168,36,156,50,73,66,15,31,52,59,38,90,38,69,58,54,21,29,227
169,36,164,54,79,69,16,32,57,53,38,93,37,75,58,56,21,23,239
170,39,149,46,73,65,15,28,50,53,36,88,36,65,56,56,20,21,220
171,37,160,63,68,62,17,33,53,59,37,88,36,71,57,54,22,26,229
172,37,157,48,85,77,15,30,54,55,36,98,40,70,59,55,22,26,250
173,38,168,71,90,80,17,34,58,64,38,104,42,77,58,57,20,21,283
174,38,163,57,79,70,17,33,55,60,37,94,40,73,59,55,21,26,246
175,35,158,49,78,68,16,30,53,56,36,89,34,69,59,54,23,29,229
176,38,167,57,77,70,18,30,57,58,40,96,38,77,59,56,21,23,242
177,37,152,53,79,83,17,33,52,53,36,89,39,67,54,56,18,23,254
178,28,155,51,74,68,15,31,55,51,36,88,36,74,54,55,20,18,229
179,29,157,62,87,80,15,34,55,59,39,98,40,71,56,55,20,23,269
180,28,162,52,75,70,15,31,55,55,38,91,36,72,57,58,21,28,233
181,59,172,65,88,80,16,33,56,59,44,99,37,79,26,55,27,28,270
182,53,171,53,75,66,16,31,56,55,44,91,38,81,25,54,26,27,232
183,50,172,48,65,61,16,29,56,50,41,89,36,79,27,54,25,28,210
184,22,171,59,76,68,17,31,57,55,44,93,35,79,26,55,27,24,238
185,28,166,47,69,63,16,30,55,50,38,86,35,78,25,55,28,23,214
186,66,159,83,105,95,18,38,52,71,42,110,42,69,23,58,29,20,325
187,26,155,54,83,73,16,32,51,58,37,95,44,68,29,55,29,23,254
188,62,163,55,77,69,16,30,53,56,40,92,42,74,25,56,25,26,243
189,21,163,70,90,83,17,35,51,64,43,103,43,72,25,55,27,23,286
190,48,163,54,75,71,16,32,53,55,41,95,36,74,22,54,26,28,236
191,63,154,44,73,68,15,30,50,51,36,87,39,71,24,53,24,25,224
192,39,172,57,76,70,17,32,58,55,42,92,37,80,22,55,26,26,240
193,40,164,59,82,72,17,34,55,56,41,95,35,76,24,56,25,26,248
194,36,169,53,71,66,16,31,55,54,41,93,37,78,26,55,27,29,227
195,31,165,50,74,66,16,32,55,51,40,88,37,78,24,55,26,25,227
196,38,159,47,74,64,15,29,51,57,38,89,35,70,25,53,25,27,220
197,33,162,63,89,78,18,34,55,62,40,97,43,76,28,55,24,26,273
198,20,155,65,99,90,18,37,53,66,40,96,45,68,25,53,28,28,299
199,55,160,74,94,91,17,37,53,60,43,104,40,73,25,56,24,25,299
200,68,164,50,76,67,16,31,55,53,36,88,41,77,22,54,25,26,234
201,62,156,48,69,65,16,31,52,50,38,87,42,72,23,54,25,22,224
202,60,159,50,74,67,15,32,51,54,41,89,41,73,25,54,26,24,232
203,26,158,59,83,75,16,34,53,59,40,93,44,74,23,55,24,20,261
204,64,149,40,60,61,16,30,48,49,37,84,42,68,24,52,21,26,203
205,25,157,52,74,70,17,33,52,53,39,89,42,72,27,54,22,29,238
206,53,151,46,69,65,16,30,38,53,36,90,41,69,23,53,24,23,221
207,59,168,62,81,75,17,32,55,57,41,98,42,77,29,55,26,32,260
208,43,166,65,85,76,17,32,54,62,39,100,39,80,24,55,24,28,265
209,40,168,52,74,69,16,30,54,52,38,88,30,78,20,55,25,21,225
210,22,157,74,93,86,20,36,51,67,43,103,41,69,27,55,28,28,294
211,30,159,48,72,66,15,30,52,53,40,86,43,75,25,52,23,25,229
212,30,152,48,68,65,15,29,51,55,35,89,44,69,27,52,24,27,225
213,64,163,55,75,70,16,30,54,55,38,93,35,76,25,54,24,26,235
214,62,154,57,86,81,17,33,50,56,40,93,32,70,24,53,24,25,256
215,31,155,62,85,82,19,35,52,61,42,100,40,70,28,54,22,27,269
216,28,148,57,86,89,17,39,52,57,40,92,46,67,27,54,22,29,278
217,29,158,64,91,87,18,35,54,62,39,102,38,72,25,53,24,23,280
218,33,157,58,84,83,17,32,55,57,34,94,34,72,24,55,23,20,259
219,36,154,54,84,82,17,33,50,58,38,94,39,70,26,54,21,25,259
220,33,153,56,83,78,17,33,50,59,36,95,40,68,28,53,24,24,257
221,66,149,53,89,83,18,33,49,56,39,94,39,67,27,55,21,28,264
222,50,150,51,78,72,12,29,51,52,39,89,37,68,22,54,25,23,238
223,45,152,42,70,66,11,28,51,48,38,82,24,73,19,52,24,24,202
224,62,149,47,65,62,13,29,47,51,37,88,37,70,26,55,27,28,211
225,32,131,27,55,52,10,25,42,38,36,69,33,63,25,51,21,28,167
226,35,157,42,60,57,11,27,49,45,39,81,38,73,28,56,22,27,197
227,40,163,58,77,68,13,30,52,52,43,93,39,73,25,57,27,31,242
228,27,159,57,80,71,13,30,51,55,43,94,42,74,34,54,25,28,250
229,24,157,68,92,89,15,32,53,59,40,103,43,69,29,59,25,24,292
230,35,161,73,88,85,14,33,54,60,41,103,41,72,35,59,25,22,287
231,48,155,53,72,68,12,29,51,53,39,91,34,75,27,55,23,26,227
232,45,158,72,85,83,13,32,51,63,39,107,30,72,21,56,28,16,270
233,49,170,56,75,67,12,29,67,52,41,95,37,80,27,55,27,26,235
234,65,164,49,68,61,12,28,55,49,41,88,38,77,23,55,24,28,216
235,23,159,56,75,68,14,32,52,52,44,89,37,73,25,56,26,28,236
236,62,163,65,85,73,14,32,53,57,43,102,38,74,30,55,28,24,261
237,66,166,73,91,78,13,33,56,63,42,104,42,73,31,57,29,22,284
238,62,145,50,82,80,13,32,48,49,38,86,41,66,27,53,21,30,253
239,60,161,66,91,90,14,31,54,56,37,97,40,71,27,57,24,23,287
240,38,153,62,95,92,14,34,50,53,40,94,40,67,33,54,22,23,289
241,60,149,62,92,93,15,36,53,49,39,91,40,69,28,56,23,22,287
242,57,153,53,90,88,12,36,54,45,41,85,42,72,25,55,23,28,273
243,20,152,60,93,96,14,35,52,49,39,92,46,68,27,57,23,26,295
244,46,150,53,88,83,13,34,51,52,38,89,41,70,28,55,23,26,265
245,23,147,44,70,67,13,32,49,44,37,85,39,65,25,54,24,26,220
246,58,152,55,84,76,14,30,51,54,39,91,43,65,29,55,23,28,258
247,64,120,22,53,50,10,24,39,36,31,61,35,57,26,53,19,29,160
248,66,165,49,69,61,12,27,55,48,42,89,39,76,23,55,27,30,218
249,46,159,75,89,84,14,32,49,63,40,110,36,68,23,57,26,25,284
250,22,161,50,70,65,13,29,50,50,38,88,36,72,22,55,26,24,221
251,22,159,55,74,64,12,28,52,54,41,94,39,74,22,56,26,29,232
252,22,153,45,70,64,12,27,48,49,40,89,27,69,22,53,25,26,206
253,21,163,55,79,66,12,29,53,54,41,95,33,76,24,56,28,25,233
254,42,154,48,71,64,12,28,49,49,40,88,37,70,24,53,27,25,220
255,27,170,64,74,71,12,31,56,57,44,94,41,78,27,57,27,28,250
256,44,158,56,76,69,12,29,53,55,39,94,42,74,27,57,25,22,243
257,25,160,67,104,92,15,32,55,58,38,96,41,71,24,56,26,22,304
258,21,144,46,83,80,13,31,53,46,36,87,43,70,29,54,23,26,252
259,44,146,55,92,92,14,31,48,52,37,85,40,65,31,53,23,24,279
260,39,170,55,72,64,12,28,55,51,41,92,38,77,25,57,27,27,229
261,50,160,61,83,84,14,31,52,52,40,93,38,72,26,54,28,19,266
262,25,158,50,71,65,13,28,54,50,38,87,43,73,31,55,27,25,229
263,21,154,46,75,67,13,29,51,49,37,86,38,71,23,52,23,22,226
264,47,162,53,77,67,13,27,53,53,40,91,39,73,26,53,26,27,236
265,20,155,57,81,79,13,32,52,54,42,91,39,73,24,55,23,28,256
266,23,152,45,70,67,12,30,52,46,36,84,37,69,30,54,22,24,219
267,56,159,57,83,83,12,32,53,52,40,92,36,72,27,56,22,27,259
268,44,144,34,58,54,11,26,46,42,35,75,37,67,25,53,22,22,183
269,39,145,45,74,67,11,29,47,54,36,85,43,67,27,53,24,29,229
270,39,154,60,88,77,13,36,51,57,40,94,43,71,27,55,22,26,268
271,21,155,43,67,63,12,28,51,45,37,84,43,70,26,55,25,23,216
272,48,155,49,79,74,13,28,54,46,38,87,37,71,25,51,25,23,239
273,20,157,59,79,76,13,31,52,56,40,96,42,72,27,55,24,24,256
274,21,156,52,75,72,12,29,52,53,38,86,33,71,20,54,25,32,232
275,20,160,66,89,85,14,34,51,54,44,96,43,69,29,56,26,30,283
276,47,158,59,93,84,13,34,54,55,39,93,32,73,28,53,26,23,268
277,20,162,63,85,81,14,30,54,56,40,94,36,70,25,58,27,23,265
278,23,161,56,85,81,13,31,53,47,42,93,37,70,22,53,25,23,259
279,20,152,52,78,76,12,28,52,50,35,90,36,69,26,54,26,20,242
280,35,159,55,79,75,13,31,52,51,41,93,36,69,25,55,28,25,245
281,41,149,51,76,75,13,32,49,50,36,89,29,69,23,55,23,22,231
282,49,156,55,83,78,15,32,54,51,40,92,39,71,26,56,26,25,255
283,49,152,54,84,80,13,30,49,52,37,87,39,66,27,53,25,22,257
284,27,160,62,79,74,12,29,55,52,40,92,39,76,26,56,24,23,254
285,29,157,74,102,93,14,35,55,66,40,106,42,70,23,55,27,24,311
286,22,159,70,89,82,13,32,53,61,41,100,32,75,24,57,24,26,273
287,21,167,68,87,78,14,31,56,58,42,100,32,76,28,57,28,25,265
288,24,162,49,70,60,12,30,52,49,40,86,35,75,27,58,27,27,214
289,22,155,44,70,64,13,27,50,46,39,84,37,70,27,53,28,28,215
290,26,154,50,68,63,12,28,51,50,40,88,39,68,23,55,25,27,220
291,20,146,46,81,74,13,31,48,49,36,85,39,67,28,54,25,26,240
292,20,155,63,95,91,15,34,53,52,37,98,41,66,27,57,25,24,290
293,22,151,61,100,99,15,32,52,49,37,101,41,67,29,54,22,21,301
294,21,167,56,76,64,13,30,55,54,39,96,38,79,29,58,26,25,234
295,21,150,60,78,74,14,31,51,58,40,93,38,68,29,58,24,23,250
296,26,155,55,77,76,12,29,52,54,39,90,35,70,28,55,25,26,243
297,22,159,54,78,74,13,28,53,48,40,89,41,73,25,55,24,25,247
298,39,160,55,78,69,12,30,54,53,39,93,39,72,30,56,29,29,241
299,40,155,66,89,81,13,35,50,56,40,96,39,70,26,56,27,26,275
300,21,151,64,86,83,14,37,51,56,38,93,41,66,26,57,26,23,274
301,25,163,53,72,67,12,29,52,52,38,91,35,73,28,55,26,22,227
302,24,164,48,66,61,12,26,54,48,40,87,39,76,24,56,28,27,214
303,20,154,54,80,73,13,29,51,53,37,88,33,71,26,55,25,19,240
304,21,154,56,82,75,13,29,51,55,40,92,38,69,22,55,25,28,251
305,46,155,54,87,87,14,31,53,45,39,88,39,68,23,55,27,28,267
306,21,148,46,72,68,12,29,48,50,38,87,35,64,20,55,25,25,221
307,45,160,64,94,90,13,31,53,54,43,91,40,73,32,57,26,28,288
308,23,156,59,90,79,14,30,52,55,36,94,41,70,21,57,26,24,269
309,34,156,65,88,84,15,33,53,60,42,94,37,71,23,56,23,25,274
310,37,156,44,72,63,11,26,53,47,40,85,41,73,24,54,24,29,220
311,32,158,48,75,66,11,29,52,51,41,88,41,71,25,54,28,35,230
312,44,151,40,63,57,11,26,52,47,36,83,38,70,27,54,24,26,198
313,22,157,53,77,66,12,28,53,53,39,93,39,73,26,56,27,28,235
314,26,149,53,82,77,12,31,51,51,37,91,37,67,27,54,23,26,249
315,23,158,63,82,81,13,29,52,58,38,99,33,72,25,57,28,20,259
316,23,159,60,85,76,13,30,53,56,39,97,34,71,25,58,27,22,255
317,20,163,56,83,70,12,28,53,55,39,94,45,75,28,55,27,25,254
318,20,155,52,80,71,12,29,53,51,39,90,38,71,25,56,27,23,241
319,21,155,65,88,84,14,31,53,60,36,101,42,71,28,56,25,26,279
320,25,160,64,85,75,13,33,52,59,39,103,44,71,28,57,29,26,268
321,20,162,55,77,69,12,29,52,55,40,91,42,74,25,56,28,29,243
322,22,157,62,84,78,13,31,53,55,39,96,36,69,24,56,25,26,260
323,22,159,61,88,83,14,32,53,52,39,93,38,70,23,54,30,25,270
324,20,154,60,94,85,13,31,51,57,40,96,40,68,25,55,26,28,279
325,31,155,55,80,74,12,29,52,53,39,89,41,70,28,55,27,26,250
326,20,160,55,76,70,13,28,53,52,38,92,38,74,24,57,26,23,239
327,26,168,46,71,63,12,27,58,46,37,82,36,82,24,52,27,16,216
328,38,160,59,77,70,12,30,51,56,41,95,34,71,27,54,30,26,240
329,40,154,56,83,75,11,28,51,55,37,91,40,70,26,54,28,21,254
330,26,161,45,65,63,12,27,53,47,40,84,38,74,26,55,26,30,211
331,22,150,52,82,73,14,31,52,52,40,91,39,69,28,53,22,30,246
332,31,153,61,97,88,14,35,51,54,39,95,41,69,27,53,23,24,287
333,35,137,45,83,83,12,31,46,47,34,83,40,63,27,52,20,26,251
334,42,161,58,79,71,13,32,54,52,36,93,34,68,25,56,32,22,242
335,30,149,67,104,96,14,34,51,57,41,97,38,67,27,53,24,24,305
336,25,159,58,90,79,13,30,55,53,38,93,36,74,28,54,27,21,263
337,35,169,60,80,66,13,30,58,53,40,94,39,79,24,56,31,24,245
338,34,152,48,74,66,10,27,51,50,36,88,39,69,26,54,27,25,227
339,38,149,58,90,83,14,34,47,55,38,91,36,63,26,54,28,26,267
340,35,152,57,86,83,13,30,50,48,40,91,44,66,23,54,24,24,270
341,37,158,52,76,73,12,28,53,52,39,91,39,72,24,54,24,25,240
342,38,163,65,90,86,12,33,54,54,41,94,38,70,26,54,28,27,279
343,37,157,67,89,83,14,33,52,58,39,100,41,70,27,55,24,23,280
344,31,154,67,91,81,13,31,50,58,41,98,40,68,27,55,26,25,279
345,29,157,58,84,78,13,31,52,53,36,94,42,68,27,54,27,21,262
346,25,133,25,50,47,9,25,42,39,32,65,40,60,28,50,24,31,162
347,29,161,52,77,75,12,29,54,50,38,90,38,71,25,54,26,22,242
348,43,151,52,76,70,12,31,48,52,37,91,33,65,30,54,27,30,231
349,23,157,60,82,77,13,30,53,56,40,97,26,69,22,56,25,27,245
350,23,158,56,82,77,13,31,55,54,39,91,32,75,25,55,23,27,247
351,28,155,48,73,67,12,29,49,50,38,86,37,68,24,56,26,30,225
352,22,155,47,73,72,12,28,52,49,36,86,41,69,25,53,24,31,233
353,37,156,48,72,72,12,29,53,47,37,87,35,72,20,53,22,22,227
354,23,154,53,76,73,13,29,51,51,39,89,33,70,26,53,23,22,235
355,25,155,51,76,73,12,29,50,53,37,93,32,69,20,55,24,25,232
356,28,154,60,93,88,13,33,52,57,39,95,39,68,23,56,24,26,280
357,21,152,57,90,85,13,33,50,52,37,94,36,65,24,56,25,29,268
358,39,155,53,81,78,12,30,53,51,40,91,33,70,26,56,22,31,245
359,33,156,55,84,82,13,30,53,51,39,89,42,71,25,55,24,25,263
360,36,159,62,90,88,13,29,53,52,39,96,38,73,24,54,24,24,278
361,38,151,62,88,87,13,32,51,58,40,99,45,65,30,54,23,26,282
362,30,152,53,79,69,62,33,50,54,37,95,37,67,22,54,23,30,238
363,25,154,53,88,85,12,31,53,50,33,89,39,67,23,52,24,25,265
364,34,157,50,78,75,12,29,54,48,38,86,41,70,26,53,23,26,244
365,35,154,53,74,69,13,30,46,51,38,92,41,66,27,55,22,20,237
366,32,154,63,94,88,13,32,52,55,37,93,38,70,26,58,22,21,283
367,35,146,54,89,86,13,33,50,52,35,93,45,63,29,55,23,23,274
368,38,159,54,81,75,13,29,54,50,38,92,44,72,25,55,26,33,254
369,23,161,50,74,68,13,30,54,47,42,86,41,74,26,56,22,29,233
370,22,153,46,68,66,11,28,49,48,36,87,33,68,24,55,22,27,213
371,20,160,45,63,59,12,27,52,45,41,88,39,74,25,55,22,26,206
372,31,155,56,79,78,13,31,52,51,40,91,33,70,22,56,23,25,246
373,29,159,55,77,69,13,30,54,52,35,92,44,74,27,55,25,19,245
374,27,155,49,77,72,12,29,50,51,37,89,38,70,23,54,24,27,236
375,24,160,66,93,87,13,29,54,57,38,100,37,70,25,54,26,30,283
376,38,154,59,91,84,13,32,53,53,36,91,48,69,31,55,25,24,282
377,39,152,52,80,75,13,30,52,48,36,89,45,68,30,57,24,25,252
378,25,168,56,71,67,12,30,56,51,39,91,40,80,24,57,26,25,234
379,39,151,43,68,64,12,27,50,47,38,85,39,68,27,54,24,30,214
380,37,159,69,88,87,12,34,51,57,40,99,41,67,29,56,26,23,285
381,35,146,47,88,83,13,31,52,47,38,85,43,65,25,55,22,29,261
382,34,157,63,97,95,15,36,54,52,40,91,40,71,26,53,24,22,295
383,38,145,54,81,84,13,33,51,48,37,88,38,63,24,56,23,26,257
384,62,163,53,74,69,12,28,54,54,39,92,34,74,26,57,26,22,230
385,30,150,53,81,75,13,30,50,54,38,89,42,63,26,56,25,25,251
386,28,153,53,81,78,12,30,50,49,39,87,39,66,26,57,24,25,251
387,30,153,68,104,96,15,36,53,57,39,93,42,69,28,56,23,31,310
388,35,161,57,81,74,12,28,54,54,41,94,46,72,27,55,26,31,258
389,37,152,64,102,97,13,31,51,55,38,95,35,66,24,54,22,27,298
390,36,156,59,89,85,13,32,54,54,37,96,41,69,26,55,24,23,274
391,34,150,57,83,82,13,36,51,53,36,92,37,68,26,54,24,28,259
392,20,158,54,83,83,12,32,55,49,39,89,37,72,26,55,24,24,257
393,35,149,51,79,76,13,31,49,51,37,88,40,66,24,55,23,26,246
394,34,152,63,89,81,12,31,50,63,35,107,39,66,24,54,26,25,272
395,31,148,51,87,80,13,31,49,48,37,85,45,66,27,54,24,24,263
396,32,160,70,99,92,14,35,55,55,39,94,41,71,28,59,26,28,302
397,31,160,70,96,90,14,33,58,57,39,98,38,71,24,56,26,26,294
398,36,155,64,92,91,13,34,52,54,41,93,41,70,25,56,23,29,288
399,35,160,57,82,80,13,30,55,50,39,89,39,72,24,54,25,27,258
400,33,155,61,92,83,14,31,51,54,40,97,39,68,24,56,26,26,275
401,37,148,54,86,82,13,33,51,53,36,91,39,66,30,55,24,24,261
402,39,155,46,70,61,11,34,52,48,39,87,37,70,25,54,26,27,214
403,43,159,75,108,100,14,32,53,61,37,101,36,70,33,58,26,23,319
404,33,156,52,81,78,12,29,53,46,37,87,40,71,25,56,25,23,251
405,27,149,48,81,75,12,28,51,47,38,89,40,65,25,55,24,28,244
406,38,151,57,81,83,13,30,49,52,38,90,42,65,27,54,25,26,263
407,36,154,59,88,87,15,33,52,52,36,95,38,67,26,56,26,26,272
408,33,154,58,81,79,13,34,51,55,40,96,45,66,25,57,26,30,263
409,36,158,73,104,100,18,38,53,58,38,99,38,69,26,57,27,27,315
410,35,150,58,82,88,15,33,52,55,39,93,31,68,28,55,24,24,259
411,30,148,61,90,93,15,36,51,50,40,91,39,65,23,55,24,25,283
412,37,148,58,96,87,16,36,52,55,34,95,36,68,27,55,23,24,277
413,38,150,50,81,72,15,32,51,54,36,89,40,68,23,55,25,23,243
414,27,148,65,102,99,16,37,52,57,42,98,38,66,23,58,24,31,304
415,33,156,62,100,91,15,36,54,53,39,96,36,70,23,54,26,26,289
416,30,161,68,95,90,16,37,54,58,41,95,37,74,28,55,25,22,290
417,30,152,57,89,90,15,32,51,51,37,93,33,64,27,55,25,21,269
418,28,147,48,86,78,14,31,50,50,37,88,38,62,24,55,26,31,250
419,28,142,46,82,79,14,30,49,50,34,86,37,63,27,53,24,25,244
420,29,158,59,79,72,14,33,53,59,37,95,37,70,27,57,26,23,247
421,30,162,43,66,58,12,30,52,46,38,82,37,77,29,56,28,26,204
422,31,147,60,90,89,15,34,51,56,38,94,37,64,30,56,26,25,276
423,32,151,68,98,96,15,37,51,60,41,99,36,66,28,57,24,31,298
424,28,166,63,81,70,15,33,55,58,42,96,40,74,23,57,30,28,254
425,34,172,62,82,72,14,31,55,56,40,96,39,77,23,57,30,25,255
426,26,149,59,91,90,15,35,49,55,35,92,36,65,28,57,23,23,276
427,35,153,53,79,75,14,31,52,51,37,92,39,67,26,55,27,25,246
428,27,157,63,87,88,16,35,54,55,40,93,39,70,27,54,23,26,277
429,35,145,55,89,91,15,32,51,54,35,94,35,67,24,55,21,24,270
430,34,157,63,90,86,15,40,54,55,40,92,42,68,25,58,26,30,281
431,36,160,58,80,73,15,31,51,57,38,92,36,70,29,57,27,28,247
432,35,158,54,75,66,14,30,51,55,40,94,38,68,25,55,31,32,233
433,38,161,63,91,85,16,37,54,57,40,95,43,72,28,56,26,30,282
434,32,147,60,104,91,16,33,53,54,36,96,37,65,25,56,23,23,292
435,38,147,59,97,96,17,33,51,53,35,92,39,62,25,55,27,22,291
436,26,159,70,101,100,15,34,58,59,38,100,41,71,27,54,25,26,312
437,31,166,68,90,85,16,34,55,56,40,95,44,74,28,56,26,28,287
438,29,167,57,82,73,15,33,60,55,40,94,41,80,29,56,25,22,253
439,28,155,50,76,70,15,30,55,52,36,90,41,69,26,54,25,26,237
440,28,154,60,92,88,15,34,55,52,37,96,48,69,29,56,25,25,288
441,20,154,49,86,74,14,31,52,50,39,90,41,65,26,55,29,30,250
442,39,154,53,83,74,15,32,52,53,36,90,41,65,27,56,30,28,251
443,28,146,53,93,87,15,32,50,49,38,88,41,64,26,55,23,25,274
444,28,144,43,82,75,13,29,48,47,33,84,46,63,29,54,23,21,246
445,30,162,61,82,74,15,32,57,59,41,97,40,75,25,59,28,26,257
446,29,157,43,67,61,13,31,51,46,34,84,40,71,28,57,27,25,211
447,28,155,57,88,84,15,32,56,52,33,92,45,72,27,55,24,25,274
448,31,163,58,81,74,14,30,53,54,37,92,42,74,27,56,27,27,255
449,33,148,55,90,78,15,34,50,54,39,93,34,65,27,56,27,30,257
450,26,160,59,78,71,14,32,53,59,39,96,33,73,26,56,29,29,241
451,33,166,62,86,77,16,33,55,54,38,95,39,75,31,57,30,27,264
452,28,151,51,79,72,14,31,52,51,39,88,37,65,26,55,28,28,239
453,29,139,55,97,97,16,38,48,54,36,90,40,61,27,55,23,24,289
454,28,143,53,107,93,14,33,50,53,33,93,36,62,28,53,23,27,289
455,39,154,62,85,84,16,34,52,60,39,98,39,68,31,56,23,31,270
456,36,158,80,105,103,16,35,55,67,41,110,41,74,27,56,22,27,329
457,30,155,52,78,71,14,34,50,53,41,89,37,67,24,56,28,34,238
458,29,159,55,81,75,15,31,53,53,34,89,41,72,27,56,26,21,252
459,28,156,60,82,75,16,32,54,56,41,96,43,70,26,57,27,29,260
460,28,155,55,83,80,14,31,51,54,37,92,38,68,27,57,24,29,256
461,32,155,66,96,91,16,37,52,55,42,93,43,69,28,57,25,31,296
462,29,161,45,64,60,14,29,55,46,38,86,45,73,29,57,27,24,214
463,31,154,53,78,72,14,30,54,54,35,93,43,67,26,57,29,23,246
464,26,146,56,83,85,15,36,47,54,38,92,38,62,26,57,25,27,262
465,36,165,51,67,64,14,29,54,52,40,90,36,74,25,57,27,33,218
466,39,154,44,66,62,14,29,52,48,37,86,38,69,30,55,26,31,210
467,38,169,64,82,71,15,33,58,58,40,99,35,73,28,56,31,27,252
468,34,160,56,80,75,14,33,53,53,40,89,41,71,23,58,26,31,252
469,28,163,68,88,82,15,32,57,59,40,102,39,74,26,57,27,24,277
470,32,152,53,81,73,14,30,51,55,38,94,39,67,25,53,28,30,246
471,32,159,57,80,74,14,32,51,55,36,93,36,66,28,58,31,25,247
472,34,152,65,92,86,16,37,52,60,39,99,37,68,24,55,27,26,280
473,36,159,50,76,68,12,30,52,51,38,90,38,70,24,55,30,25,232
474,39,152,52,77,74,14,31,52,53,34,93,40,67,25,57,26,24,243
475,31,157,60,86,75,15,32,53,57,39,100,37,69,21,55,27,24,258
476,28,169,60,79,70,14,30,56,56,39,93,39,76,26,57,32,25,248
477,37,159,53,79,68,14,31,53,54,38,91,35,70,27,53,29,25,235
478,37,148,58,92,92,14,32,53,56,36,92,36,66,27,54,23,23,278
479,32,153,65,103,97,15,35,52,56,38,100,35,69,25,56,24,28,300
480,35,156,76,109,104,17,38,57,58,43,100,41,70,28,56,25,31,330
481,37,157,59,84,75,15,33,53,55,37,97,36,67,28,56,29,24,254
482,35,154,56,86,79,14,30,51,52,38,92,38,69,28,56,25,26,259
483,37,159,60,82,76,15,31,53,56,37,97,37,69,29,55,30,27,255
484,35,164,54,70,62,14,29,54,56,37,94,41,75,25,55,28,29,227
485,35,152,64,98,89,16,34,53,56,38,100,43,67,26,55,23,24,294
486,31,156,50,78,78,14,30,55,49,38,89,40,72,28,54,24,26,246
487,29,163,51,72,65,13,30,54,51,41,91,41,74,28,55,29,32,229
488,38,152,50,70,63,14,30,50,55,39,93,29,68,18,55,27,28,212
489,31,152,63,87,81,14,33,49,63,38,101,34,65,24,57,29,25,265
490,29,158,47,69,67,13,28,51,51,37,88,32,73,21,56,25,24,215
491,38,158,51,73,65,14,30,51,54,39,91,43,69,26,55,28,28,232
492,35,153,46,70,63,13,29,52,51,38,88,42,69,27,55,24,27,221
493,31,151,48,77,72,13,31,51,50,35,87,44,68,29,52,28,24,241
494,29,152,63,93,92,14,33,53,58,38,98,44,68,30,56,24,25,292
495,33,161,67,93,87,15,35,54,57,42,97,43,72,27,56,27,29,290
496,31,155,49,70,67,15,31,50,50,39,86,43,68,26,56,25,27,229
497,29,159,80,105,100,17,39,54,62,39,100,39,71,27,58,28,24,324
498,36,154,68,103,99,16,38,53,53,39,93,36,66,28,57,25,24,306
499,34,156,55,84,82,15,33,52,53,35,89,36,68,28,56,26,21,257
500,37,158,53,74,68,13,32,53,54,39,93,38,70,27,59,27,25,233
501,34,158,52,76,67,13,29,53,57,37,95,38,72,22,54,25,26,233
502,30,160,68,90,83,16,33,55,59,42,105,34,72,24,57,28,28,275
503,29,156,47,77,71,13,30,53,49,40,88,37,71,26,54,28,26,232
504,34,147,49,77,75,14,31,49,52,37,87,39,62,24,55,28,27,240
505,36,156,54,75,70,14,30,51,55,35,92,41,68,23,56,29,27,240
506,38,165,59,78,68,14,31,56,57,36,102,39,74,24,57,30,27,244
507,32,156,55,78,72,15,29,52,55,39,94,36,69,28,57,27,25,241
508,37,155,58,91,82,15,36,52,53,40,94,36,68,30,55,27,28,267
509,52,146,43,70,65,12,31,50,49,36,87,37,66,28,53,24,25,215
510,32,153,60,94,92,16,36,51,54,39,93,39,66,28,56,26,27,285
511,55,156,63,94,94,15,36,54,54,39,95,38,66,23,56,24,24,289
512,53,148,62,95,92,16,38,53,57,40,95,33,62,27,55,23,28,282
513,39,151,42,67,62,12,27,49,51,37,83,38,67,24,53,26,32,209
514,32,170,59,84,74,15,31,59,53,40,95,37,78,24,56,29,26,254
515,30,155,55,81,78,15,30,52,53,38,92,37,67,24,54,24,24,251
516,27,161,47,68,60,13,28,54,51,39,86,33,75,25,55,26,26,208
517,34,161,53,78,71,12,29,52,53,38,93,36,74,29,57,28,31,238
518,35,151,45,69,66,12,30,51,49,37,87,38,67,29,56,26,24,218
519,30,149,56,89,85,14,34,52,55,38,95,36,66,28,55,25,28,266
520,35,151,44,69,66,13,29,50,48,36,86,39,67,26,54,25,22,218
521,32,151,51,79,74,14,30,50,53,36,88,37,67,27,55,24,22,241
522,33,165,56,82,78,14,32,56,56,40,91,40,75,24,56,26,29,256
523,34,166,53,78,72,14,30,55,50,41,91,38,74,25,55,27,28,241
524,36,149,52,78,77,15,31,49,52,38,90,39,64,26,57,23,25,246
525,32,160,72,93,86,14,34,56,68,40,98,39,73,25,57,27,27,290
526,33,154,65,97,91,16,39,53,54,39,96,38,65,23,57,26,28,291
527,29,165,51,76,65,13,29,55,54,41,92,43,74,25,58,28,30,235
528,34,159,61,95,91,15,35,54,50,36,93,44,69,29,57,27,24,291
529,26,147,57,95,89,14,34,49,52,37,90,42,63,27,55,25,22,283
530,27,163,53,78,70,13,30,57,53,40,91,45,78,30,57,26,28,246
531,29,151,64,95,92,18,34,51,54,37,93,37,63,27,57,26,21,288
532,26,154,56,89,84,15,33,54,53,42,95,37,67,27,56,24,30,266
533,24,157,51,85,81,14,31,56,50,33,91,38,71,24,53,23,19,255
534,27,164,50,70,62,12,29,54,52,38,95,35,75,25,56,28,27,217
535,29,168,58,75,67,14,29,57,55,39,94,39,77,29,55,30,30,239
536,36,161,56,77,72,15,32,53,53,35,92,36,72,28,57,28,24,241
537,35,152,58,80,81,15,32,53,55,38,93,31,69,24,57,23,27,250
538,33,162,48,76,64,13,29,54,51,39,87,29,75,25,55,27,30,217
539,34,154,56,84,79,15,31,52,55,40,95,42,70,26,56,24,30,261
540,33,151,61,92,92,16,35,51,56,39,96,42,68,25,55,25,26,287
541,33,160,42,67,61,13,28,53,46,37,85,41,75,27,54,25,27,211
542,30,158,54,72,69,14,32,52,57,40,96,41,69,27,56,29,31,236
543,32,158,60,83,71,14,32,51,60,40,99,40,69,27,56,29,29,254
544,31,153,53,77,73,15,33,51,53,32,92,47,67,25,57,29,15,250
545,33,161,58,85,73,15,33,56,55,39,94,42,73,25,57,28,25,258
546,67,159,69,95,92,16,34,54,61,38,104,40,72,26,56,27,21,296
547,68,150,61,88,87,15,35,50,58,37,96,43,69,25,55,24,28,279
548,35,168,64,88,82,15,33,56,56,43,96,44,77,27,57,26,28,278
549,32,153,60,92,91,14,35,52,55,38,93,41,68,26,54,25,29,284
550,61,150,63,103,95,14,36,51,55,38,96,42,68,27,56,23,24,303
551,61,161,54,73,67,14,30,52,53,44,92,40,72,25,55,28,31,234
552,60,156,54,89,85,16,31,54,52,38,94,37,66,26,57,27,22,265
553,61,150,58,99,93,16,34,52,53,40,98,38,64,26,55,27,23,288
554,61,164,53,74,70,14,30,55,55,39,96,39,77,28,56,27,28,236
555,33,160,50,70,67,14,30,52,53,39,91,43,72,24,55,28,26,230
556,37,158,43,68,61,14,29,53,49,37,84,40,72,25,53,28,30,212
557,24,164,49,71,66,14,30,57,51,39,90,44,80,26,55,25,26,230
558,24,157,59,84,80,16,32,51,56,39,97,41,68,25,57,29,24,264
559,41,152,46,66,63,15,30,48,51,40,86,43,65,29,55,28,34,218
560,25,148,48,75,69,14,30,51,55,36,91,42,68,28,54,25,29,234
561,39,161,60,84,73,14,31,57,58,40,97,36,74,25,56,29,28,253
562,33,160,61,83,77,15,32,54,57,37,0,40,72,26,55,28,23,261
563,53,159,43,66,63,14,29,53,48,37,86,40,72,25,54,27,31,212
564,44,159,47,71,64,14,30,53,50,41,89,36,72,29,56,27,29,218
565,45,155,51,77,78,15,33,52,52,38,90,35,70,26,55,24,27,241
566,41,161,63,88,82,16,33,56,57,43,97,29,70,21,56,28,28,262
567,55,163,58,81,79,13,31,55,57,39,95,35,76,30,57,22,28,253
568,61,162,55,77,72,14,30,55,56,38,95,42,74,27,55,27,25,246
569,27,153,51,73,68,15,30,54,54,37,89,40,70,25,55,25,27,232
570,27,161,48,73,67,14,30,54,51,41,87,43,74,26,57,26,29,231
571,28,153,54,83,78,15,34,52,53,37,90,40,68,26,57,27,27,255
572,31,156,52,78,72,14,32,51,54,38,94,39,71,25,56,28,31,241
573,28,152,54,89,85,16,31,51,52,37,91,38,67,26,55,25,25,266
574,61,147,45,73,69,13,31,49,49,35,87,41,65,25,55,26,26,228
575,50,159,51,75,69,13,30,54,55,38,91,41,73,27,54,26,26,236
576,42,152,55,85,84,15,33,53,54,39,94,42,69,28,55,23,26,266
577,61,151,58,84,83,16,33,51,58,36,97,39,65,27,56,25,23,264
578,61,150,44,68,62,14,28,50,51,36,88,39,69,26,55,25,24,213
579,61,146,56,88,87,15,34,51,56,38,93,41,63,24,55,22,26,272
580,61,165,57,73,65,15,31,54,58,39,96,41,76,25,56,27,24,236
581,58,162,51,71,65,14,29,55,53,40,90,35,75,27,55,26,29,222
582,21,153,55,80,74,14,30,53,57,35,95,41,69,28,56,25,23,250
583,23,151,57,88,82,15,32,52,56,37,95,44,68,26,57,26,22,271
584,23,152,68,99,93,16,33,51,66,37,101,38,66,25,53,25,26,298
585,23,155,49,75,68,14,31,51,51,36,89,49,70,29,56,29,25,241
586,20,158,51,73,70,14,31,53,51,39,91,39,71,27,54,26,25,233
587,23,136,36,68,68,13,29,48,48,37,76,44,64,31,55,21,34,216
588,26,175,59,71,66,16,32,59,54,41,90,45,81,31,59,30,24,241
589,20,166,51,66,63,14,30,56,52,41,92,29,77,24,54,27,32,209
590,21,166,53,69,62,14,29,54,56,39,94,32,78,25,56,28,30,216
591,27,158,53,75,67,13,30,53,58,41,92,33,73,28,57,26,32,228
592,24,160,62,81,80,16,34,54,57,42,98,43,72,27,56,24,32,266
593,24,153,44,70,63,13,32,50,49,39,86,40,71,25,58,26,32,217
594,23,158,68,88,90,16,37,54,62,43,101,35,72,27,57,24,32,281
595,36,159,54,81,72,15,32,53,54,38,93,31,70,26,55,30,26,238
596,38,169,63,86,83,14,36,58,56,40,97,34,77,28,55,27,23,266
597,23,161,52,79,74,14,32,54,54,37,90,33,75,28,58,25,26,238
598,23,163,55,73,69,15,32,52,55,42,93,33,73,26,56,29,33,230
599,47,162,72,89,88,16,36,54,63,40,105,41,72,29,58,26,25,290
600,23,158,67,96,87,15,33,51,60,39,100,39,69,28,57,27,25,289
601,23,156,61,83,82,16,33,52,56,40,93,43,68,25,57,26,25,269
602,42,157,59,77,74,15,32,52,57,39,93,42,68,26,56,29,24,252
603,54,151,53,85,84,15,34,52,50,37,86,43,67,27,57,24,23,265
604,57,150,54,86,79,15,36,50,51,40,90,43,64,31,56,27,29,262
605,44,166,55,74,65,14,32,53,55,38,93,45,75,26,57,31,26,239
606,55,149,53,77,74,16,34,52,55,36,89,39,66,27,57,24,22,243
607,61,156,54,76,68,14,32,51,57,39,93,42,70,28,56,25,25,240
608,22,149,46,74,65,14,29,51,53,36,86,38,69,25,56,25,26,223
609,22,153,46,73,67,14,29,51,51,38,89,40,66,27,54,28,28,226
610,46,156,70,92,88,16,37,53,63,39,103,40,68,26,55,27,25,290
611,48,157,66,87,88,17,36,52,61,38,99,46,70,31,59,25,23,287
612,43,153,48,77,72,14,31,49,52,36,89,38,66,28,55,27,27,235
613,43,165,61,85,75,14,32,56,58,45,100,37,74,24,58,30,29,258
614,42,153,54,79,72,15,33,50,56,36,97,36,68,26,56,29,23,241
615,50,165,65,83,76,15,34,58,61,37,98,40,77,27,57,28,22,264
616,57,165,64,88,78,16,34,57,62,38,100,36,74,26,58,29,23,266
617,49,148,50,82,81,14,34,50,49,38,88,42,64,25,55,24,31,255
618,35,157,61,87,80,15,32,53,60,41,99,45,69,32,57,25,31,273
619,35,154,45,67,63,14,30,50,50,40,88,41,68,26,57,25,33,216
620,38,157,51,74,67,14,29,54,54,36,90,36,72,29,57,28,26,228
621,37,160,56,74,66,14,31,54,58,39,94,39,73,24,58,28,26,235
622,53,161,63,82,75,16,32,55,57,37,92,33,73,28,58,26,25,253
623,50,149,41,65,59,14,28,48,51,34,86,34,66,25,55,26,28,199
624,52,160,59,83,72,15,30,51,56,40,97,34,71,27,56,28,30,248
625,52,166,49,69,65,14,31,56,50,39,90,35,77,26,58,28,27,218
626,21,162,56,78,69,15,32,52,56,39,94,37,71,28,57,31,26,240
627,21,159,49,77,66,14,30,53,53,38,88,36,72,29,55,28,26,228
628,35,156,49,70,62,16,30,53,54,37,87,39,70,22,54,28,27,220
629,37,153,41,63,60,15,29,50,48,37,83,35,70,26,54,26,30,199
630,42,153,50,74,68,14,32,52,52,38,91,35,68,31,57,28,26,227
631,42,165,54,73,68,15,30,52,54,37,93,34,75,27,58,28,31,229
632,42,152,45,72,66,13,29,52,53,34,88,37,70,29,55,26,20,220
633,66,160,51,73,65,14,31,51,54,36,89,38,73,28,57,29,31,227
634,67,155,63,93,88,14,34,52,61,37,97,39,70,27,55,24,26,283
635,68,145,46,74,69,13,30,47,54,38,87,40,62,22,54,27,28,229
636,69,156,55,71,67,14,32,52,56,41,93,39,71,25,58,26,29,232
637,64,157,59,88,81,15,33,55,58,40,95,34,70,28,57,29,24,262
638,67,156,42,69,65,14,31,52,51,37,86,34,69,26,56,26,24,210
639,61,159,53,77,69,15,31,52,54,38,91,40,69,28,57,31,27,239
640,65,152,50,75,70,15,31,51,52,40,92,47,69,30,56,27,28,242
641,62,166,58,81,75,14,31,56,55,41,96,45,76,28,56,29,27,259
642,69,161,48,71,63,14,32,52,51,38,86,44,70,26,56,28,30,226
643,43,155,48,70,66,14,33,51,52,39,90,35,66,30,58,28,30,219
644,39,161,53,73,67,14,31,54,54,37,93,36,73,24,57,29,24,229
645,34,159,45,69,65,13,30,53,48,40,85,40,72,23,54,29,30,219
646,47,174,81,97,89,15,35,59,63,45,109,38,81,24,58,28,23,305
647,31,158,51,78,68,14,31,55,52,38,91,35,74,30,55,29,28,232
648,34,160,44,65,61,13,31,54,48,39,85,33,75,27,54,25,24,203
649,51,153,56,79,78,14,36,51,55,40,93,35,69,26,55,23,27,248
650,37,161,52,77,66,14,32,53,53,39,89,35,72,29,57,28,29,230
651,38,157,51,72,66,14,28,50,57,37,94,36,69,25,55,28,24,225
652,21,150,60,82,85,17,35,51,59,38,97,35,65,26,57,25,27,262
653,37,168,63,82,76,16,35,55,55,38,95,37,76,29,59,28,23,258
654,31,163,51,75,65,14,30,54,54,39,91,42,74,29,56,30,28,233
655,35,165,70,94,87,16,37,56,57,38,96,40,74,25,56,31,22,291
656,35,154,52,79,78,14,32,52,55,40,90,40,69,24,53,24,29,249
657,35,154,64,84,84,16,33,50,60,37,97,37,67,25,56,23,18,269
658,35,156,59,79,79,16,34,54,57,41,95,38,70,29,57,24,28,255
659,40,152,54,81,72,14,36,50,56,36,95,39,68,24,54,27,24,246
660,61,158,48,69,63,14,31,53,52,38,84,37,73,29,57,26,26,217
661,64,158,49,77,70,13,29,52,51,36,90,34,72,22,54,26,25,230
662,67,154,53,82,78,14,32,54,55,40,92,37,71,24,54,23,25,250
663,68,161,54,77,66,15,30,54,55,40,95,39,72,26,55,29,23,236
664,68,158,57,80,74,14,32,53,56,41,95,35,72,26,59,29,28,246
665,23,153,42,68,63,14,28,51,48,36,84,42,70,28,55,27,24,215
666,35,162,53,74,65,14,33,55,53,38,92,45,75,25,58,29,30,237
667,34,165,51,73,65,14,31,54,55,39,92,39,74,26,55,28,30,228
668,28,166,64,82,76,15,34,55,59,40,98,46,75,29,59,29,27,268
669,33,164,51,70,65,14,31,53,53,39,89,40,75,28,56,28,27,226
670,30,164,55,75,68,15,30,55,54,39,92,32,74,23,56,27,25,230
671,24,148,58,93,88,14,34,50,59,39,97,37,64,29,55,25,22,276
672,26,170,77,94,87,15,33,56,65,42,106,40,75,29,58,29,28,298
673,32,161,63,89,83,14,35,56,58,39,96,45,74,27,56,24,23,280
674,34,163,59,81,74,15,33,53,55,39,96,34,73,27,56,29,26,248
675,40,161,59,80,76,15,32,56,52,39,93,36,72,27,55,25,27,251
676,40,162,55,75,73,15,31,54,58,38,98,39,70,30,54,26,26,242
677,41,155,51,77,70,14,30,55,55,42,92,34,74,28,55,22,26,232
678,44,164,46,69,65,14,32,53,47,38,86,36,73,30,53,27,24,216
679,44,155,46,72,66,14,30,53,51,35,88,35,72,27,56,25,23,219
680,43,160,58,81,80,15,33,56,54,40,91,36,75,27,53,24,25,255
681,43,162,65,93,89,16,35,55,54,42,97,39,72,24,56,26,29,286
682,47,156,52,74,74,15,31,53,53,39,89,35,71,28,58,25,27,235
683,32,160,50,72,65,14,29,56,52,38,88,37,75,30,56,26,25,224
684,29,165,74,98,89,15,35,55,63,39,104,45,75,29,56,25,24,306
685,33,169,57,70,65,15,33,58,55,38,92,42,77,27,55,27,26,234
686,34,157,59,77,70,15,32,54,59,42,97,40,72,25,57,28,30,246
687,29,163,59,80,71,14,31,53,57,40,96,40,75,23,57,28,29,250
688,33,158,50,70,66,14,29,52,55,39,91,33,70,24,55,26,31,219
689,54,161,46,64,60,13,29,52,52,37,87,33,72,24,55,27,32,203
690,37,157,54,77,72,14,32,54,55,36,93,36,70,27,55,26,23,239
691,52,166,62,84,75,14,33,55,58,42,101,43,73,29,56,30,24,264
692,53,154,50,71,65,14,30,53,52,39,94,44,69,28,53,26,26,230
693,56,161,51,74,67,14,30,54,54,37,93,40,75,31,56,27,28,232
694,37,166,52,74,64,14,30,55,52,37,90,39,76,27,55,27,30,229
695,35,156,50,71,66,14,30,53,54,37,91,38,69,24,55,27,20,225
696,36,166,72,90,78,15,33,56,65,42,106,37,74,25,57,30,25,277
697,38,163,55,70,67,15,33,53,56,40,93,39,73,25,57,28,33,231
698,37,161,54,82,70,14,31,53,54,39,93,44,71,27,55,30,30,250
699,53,164,52,77,68,13,33,54,53,37,91,38,75,26,55,27,26,235
700,38,158,56,82,74,15,31,53,57,37,95,40,71,27,56,27,26,252
701,41,157,71,96,86,16,34,51,65,40,104,37,70,27,56,24,22,290
702,35,160,52,70,67,15,31,55,52,38,89,37,73,27,55,28,28,226
703,34,169,61,77,71,15,34,57,57,40,96,38,77,24,57,30,23,247
704,59,163,61,85,80,15,32,52,61,39,98,38,71,28,55,26,23,264
705,30,158,65,89,83,15,34,56,62,40,100,40,74,28,57,23,28,277
706,26,164,55,76,71,14,33,54,56,38,96,36,73,28,55,27,27,238
707,25,154,50,73,72,15,35,51,55,37,90,36,67,29,56,24,27,231
708,25,161,54,77,68,14,34,54,55,39,90,34,71,27,56,30,30,233
709,35,157,63,88,76,15,33,53,62,37,99,35,69,27,60,29,24,262
710,32,154,55,77,71,16,32,52,57,37,96,34,70,28,55,25,27,237
711,52,160,58,81,74,15,33,55,56,41,94,43,75,29,57,26,29,256
712,28,159,47,66,62,13,28,51,54,37,91,35,73,25,55,25,31,210
713,30,157,51,80,69,15,31,51,54,37,92,32,71,25,57,28,27,232
714,32,168,68,88,82,14,31,56,59,39,99,36,78,26,56,29,25,274
715,50,155,49,74,70,14,32,53,51,43,90,37,70,24,56,26,31,230
716,57,156,49,71,68,14,31,53,52,39,88,34,71,27,56,26,29,222
717,57,163,54,77,67,14,31,56,55,38,93,39,75,24,55,30,27,237
718,57,161,46,69,66,14,33,56,50,37,87,34,76,28,57,27,28,215
719,60,167,69,91,88,16,36,54,56,42,97,34,74,29,56,26,25,282
720,53,154,53,76,70,14,33,51,56,37,92,32,67,26,57,28,24,231
721,56,161,61,77,72,14,32,54,62,41,99,37,73,22,56,28,26,247
722,54,161,59,82,75,14,32,55,56,41,95,32,74,25,58,26,27,248
723,21,160,55,75,71,14,31,54,56,37,93,34,72,26,57,29,23,235
724,36,160,54,75,65,14,31,53,54,41,93,34,72,26,57,28,31,228
725,36,163,56,76,72,14,30,55,56,38,93,36,75,27,54,28,28,240
726,40,162,59,83,76,14,33,56,57,41,94,42,75,30,57,27,30,260
727,39,157,44,69,64,13,29,53,48,35,84,35,76,25,56,25,29,212
728,39,166,69,88,81,16,33,57,61,39,102,41,80,27,57,26,25,279
729,45,142,41,66,63,14,30,50,50,35,85,44,65,29,54,23,24,214
730,40,157,58,80,72,14,31,52,61,39,97,44,70,29,56,29,27,254
731,39,158,56,78,70,15,31,53,59,37,95,48,72,30,54,28,29,252
732,33,161,53,70,66,14,31,54,54,40,92,42,70,27,55,29,27,231
733,31,159,47,69,63,14,30,52,52,39,86,41,73,29,55,26,31,220
734,30,161,44,67,59,14,30,54,47,40,85,41,74,26,55,28,24,211
735,31,153,66,91,86,16,36,52,63,40,99,36,66,30,57,25,27,279
736,28,161,53,73,65,15,30,54,54,36,90,35,75,27,56,28,26,226
737,29,142,35,65,59,13,29,48,45,34,79,34,66,29,54,25,26,193
738,31,158,55,75,69,15,31,52,57,40,93,33,71,28,57,28,29,232
739,26,165,59,77,70,16,32,57,58,31,97,33,76,24,55,30,27,239
740,28,163,54,73,65,14,30,55,54,41,91,37,74,27,56,27,29,229
741,25,161,56,79,70,14,32,54,56,38,93,34,72,29,54,29,23,239
742,41,155,50,70,67,14,32,50,51,36,89,39,66,30,55,31,20,226
743,42,167,64,81,72,15,33,54,59,37,99,35,73,27,57,33,25,252
744,47,165,56,73,69,15,34,55,56,40,91,36,74,26,56,29,30,234
745,30,154,55,82,75,14,35,52,57,39,94,40,68,25,56,29,27,252
746,55,165,55,77,70,14,31,54,54,40,91,37,74,26,56,30,30,239
747,27,158,61,79,75,14,32,52,60,38,95,40,72,27,58,29,28,255
748,45,158,48,71,66,14,31,52,50,39,87,31,72,23,57,27,26,216
749,33,156,55,83,74,14,30,52,57,37,94,28,70,21,54,28,28,240
750,44,164,53,72,66,14,31,54,54,37,93,44,74,32,56,29,27,235
751,21,162,49,65,61,14,29,55,51,41,89,29,74,23,54,27,26,204
752,46,160,48,68,62,14,31,54,52,39,87,26,72,19,56,26,28,204
753,42,151,46,65,62,14,30,47,53,34,88,38,64,29,55,28,26,211
754,44,160,50,73,67,15,31,52,54,39,90,38,71,31,54,29,27,228
755,37,161,54,74,69,14,32,55,54,39,92,33,70,29,57,28,23,230
756,38,164,50,76,66,14,31,56,51,38,90,35,80,29,55,28,29,227
757,64,159,45,68,62,14,28,53,50,35,86,38,71,27,54,28,25,213
758,38,134,26,54,52,12,24,44,41,31,68,40,63,24,51,23,26,172
759,60,150,51,77,72,14,34,49,55,37,91,29,65,21,53,26,28,229
760,43,158,49,72,65,13,30,53,52,38,93,39,74,25,55,26,27,225
761,59,158,54,78,74,16,31,53,56,38,95,37,74,27,57,25,24,243
762,51,145,45,54,51,12,27,49,40,35,84,37,69,27,54,23,31,187
763,52,120,22,61,59,13,28,40,44,31,63,30,54,24,52,19,27,172
764,63,160,56,77,68,15,32,52,56,40,90,39,69,27,56,31,25,240
765,36,154,41,65,61,14,28,53,48,37,82,42,72,30,52,29,28,209
766,37,156,55,76,70,13,31,53,56,37,96,39,69,27,57,28,24,240
767,64,147,41,67,61,14,30,48,48,38,81,37,64,25,54,28,32,206
768,62,155,50,79,70,14,32,52,53,40,90,33,68,24,54,28,27,232
769,20,164,57,76,69,14,31,56,54,39,93,34,75,26,57,31,28,236
770,61,166,55,74,68,14,31,57,54,39,92,32,77,26,56,27,29,229
771,63,131,31,58,55,13,27,44,38,33,72,36,59,28,53,21,28,180
772,26,157,53,80,71,14,29,53,55,39,95,41,70,27,54,28,29,245
773,27,152,48,72,65,14,30,51,53,41,91,38,67,27,55,27,30,223
774,27,158,46,72,68,14,28,55,49,38,87,32,72,21,57,26,28,218
775,28,155,45,67,60,14,29,52,50,37,85,28,70,22,54,30,30,200
776,25,149,41,68,64,15,28,49,46,39,84,30,69,23,54,25,32,203
777,28,165,40,63,57,14,28,57,46,37,80,32,83,23,56,26,25,192
778,40,163,48,71,63,14,32,56,53,39,88,34,76,25,57,28,26,216
779,47,152,50,72,70,15,31,52,54,40,91,33,69,28,54,24,34,225
780,46,163,51,71,65,15,30,55,53,39,89,32,76,26,54,28,27,219
781,46,155,46,66,62,14,31,50,51,39,87,38,70,27,57,25,34,212
782,40,152,34,57,55,13,28,52,42,37,75,36,72,26,53,24,29,182
783,23,155,51,77,73,15,35,52,52,39,91,27,70,19,55,26,28,228
784,27,161,45,65,61,14,29,53,49,39,88,36,71,24,56,29,32,207
785,26,153,48,73,68,14,31,52,53,35,89,39,69,30,55,25,25,228
786,26,157,47,68,64,14,29,52,50,42,90,34,73,28,56,24,31,213
787,29,156,47,68,64,14,30,52,51,40,85,38,73,26,56,26,31,217
788,26,156,48,69,66,14,32,50,52,40,88,34,70,29,56,26,33,217
789,42,153,43,70,63,14,30,52,49,39,82,35,71,28,56,25,28,211
790,42,162,56,77,71,15,31,55,54,41,96,37,74,27,58,28,27,241
791,40,157,51,71,66,14,30,53,54,40,91,36,70,27,54,28,28,224
792,34,160,50,72,65,14,30,55,55,38,89,36,73,25,53,29,28,223
793,20,140,27,57,55,13,26,47,41,35,66,45,69,28,51,19,29,184
794,31,132,28,66,65,13,29,46,45,34,69,38,61,31,52,22,31,197
795,31,133,34,66,64,13,28,45,49,34,76,30,60,21,53,23,26,194
796,45,157,46,66,63,14,30,53,50,38,89,33,73,26,56,26,25,208
797,39,157,54,72,68,16,31,53,55,36,95,38,70,29,55,28,25,232
798,68,132,24,67,65,14,32,45,48,31,65,26,63,21,52,19,29,182
799,67,148,44,74,64,14,32,49,51,39,84,31,68,22,53,25,33,213
800,68,128,30,62,62,13,29,43,44,34,71,30,59,22,52,21,35,184
801,66,157,45,68,66,15,31,53,49,38,85,35,72,25,58,23,31,214
802,37,124,23,56,49,12,26,42,36,32,63,26,58,21,52,21,29,154
803,33,122,21,62,59,13,28,42,45,31,60,35,57,26,50,21,32,177
804,43,150,53,80,73,16,32,50,54,39,92,46,64,30,55,29,28,252
805,31,128,25,65,63,13,29,41,49,31,65,28,60,19,53,19,33,181
806,21,157,50,73,66,14,30,53,54,39,94,37,71,27,56,27,24,226
807,23,139,30,61,56,12,27,47,42,33,72,39,64,29,54,23,31,186
808,24,127,27,54,52,12,29,43,41,35,67,37,57,24,53,19,31,170
809,50,131,25,75,72,15,34,43,51,31,67,27,59,19,53,20,29,199
810,53,142,42,60,57,13,26,49,40,38,80,34,68,20,54,19,26,193
811,54,136,27,56,55,13,27,46,41,33,70,43,64,28,54,20,31,181
812,51,126,26,61,57,13,30,43,44,32,67,36,61,22,53,18,28,180
813,55,154,47,72,68,14,29,51,51,39,89,32,70,26,55,26,28,219
814,41,152,57,87,82,14,32,50,56,37,93,32,66,20,54,25,25,258
815,43,165,64,85,75,15,36,54,60,38,98,35,75,23,55,29,25,259
816,44,162,50,72,64,14,31,55,52,37,91,33,73,23,54,29,31,219
817,42,148,39,67,61,14,28,48,48,39,78,37,68,24,54,24,28,204
818,43,137,32,60,57,13,28,44,44,36,71,42,61,25,54,24,33,191
819,47,156,58,86,83,15,32,51,57,40,94,32,68,23,55,25,26,259
820,49,133,30,57,54,12,26,44,41,31,71,43,61,28,54,21,27,184
821,49,134,27,62,59,12,28,43,44,35,69,44,62,27,52,21,35,192
822,47,134,31,67,62,13,29,44,47,36,72,34,61,23,53,20,35,194
823,46,144,36,70,66,14,30,49,50,34,76,38,69,26,50,22,26,210
824,23,169,53,76,70,14,30,58,51,36,92,45,78,30,54,29,27,244
825,38,159,50,75,67,14,31,54,51,36,88,36,71,26,56,28,23,228
826,35,140,40,67,65,13,31,46,47,34,80,38,62,31,52,24,27,210
827,44,140,37,62,59,12,29,46,41,36,78,38,64,25,52,21,34,196
828,42,160,56,75,68,15,32,53,55,38,94,29,70,24,56,27,25,228
829,34,155,52,78,74,15,33,53,48,36,87,40,68,27,56,29,22,244
830,55,158,60,86,80,16,32,52,59,40,94,27,73,21,56,24,26,253
831,28,169,89,105,96,17,36,59,72,43,115,35,76,23,58,28,27,325
832,26,166,61,77,69,16,31,55,61,38,95,36,75,26,58,27,31,243
833,26,151,50,76,73,14,29,50,54,37,88,38,68,25,53,24,27,237
834,24,165,48,66,64,15,30,54,48,40,89,37,76,26,56,27,25,215
835,22,150,36,62,56,13,28,49,44,38,76,40,68,24,55,26,33,194
836,23,151,69,97,98,16,38,50,62,38,101,34,64,24,56,28,23,298
837,22,136,38,73,73,15,32,44,52,35,76,40,62,26,53,21,30,224
838,21,121,35,70,66,13,32,41,50,34,76,33,55,19,54,19,26,204
839,21,164,67,91,84,16,34,55,57,39,96,29,76,22,58,26,27,271
840,55,153,53,81,78,15,30,52,55,38,90,38,73,25,55,22,26,250
841,53,158,42,68,62,14,31,54,48,39,81,31,75,19,55,26,31,203
842,54,157,42,62,61,12,28,53,46,38,82,28,76,20,56,20,31,193
843,23,160,50,77,72,14,32,52,53,37,89,42,74,28,54,23,30,241
844,27,149,42,72,68,14,30,49,48,39,83,39,71,24,54,23,31,221
845,24,154,56,78,71,15,31,52,59,39,96,38,69,24,56,24,28,243
846,43,154,71,97,96,16,35,51,63,40,101,38,69,26,55,25,24,302
847,41,138,40,70,69,14,30,47,51,37,80,37,65,26,52,21,28,216
848,21,158,57,78,72,15,33,55,58,38,95,35,72,28,53,26,26,242
849,21,156,58,80,77,16,33,50,58,37,95,37,65,29,53,25,26,252
850,33,155,53,81,76,14,33,52,56,37,93,34,67,25,54,26,26,244
851,30,160,58,83,75,16,33,55,56,38,94,34,73,28,57,24,22,250
852,32,158,51,74,66,15,31,53,55,38,90,44,71,26,56,24,32,235
853,32,157,58,86,80,15,34,54,52,41,93,38,69,26,55,26,27,262
854,25,135,38,60,56,13,29,45,46,36,76,37,61,26,56,19,33,191
855,25,130,29,58,58,11,28,43,41,32,71,33,59,26,53,22,30,178
856,52,154,61,84,81,16,33,53,60,41,99,38,69,25,57,23,34,264
857,31,158,55,84,82,14,31,54,53,37,91,35,71,27,56,25,25,256
858,32,127,27,60,58,12,28,41,42,28,68,37,56,27,51,19,31,182
859,20,156,72,101,100,17,37,56,58,38,101,36,69,28,56,28,26,309
860,20,152,58,89,90,17,35,54,54,37,92,35,66,26,58,24,25,272
861,49,161,53,73,67,15,30,56,58,40,96,38,74,25,55,28,30,231
862,56,169,58,80,73,15,34,57,57,41,92,36,78,28,57,28,29,247
863,49,150,40,63,57,13,28,51,48,35,81,38,68,26,54,23,25,198
864,50,157,44,68,63,13,31,54,51,36,86,40,71,27,55,28,29,215
865,50,159,49,69,64,14,31,54,51,37,90,36,70,28,55,27,26,218
866,51,159,59,84,78,15,33,53,56,40,95,35,69,29,56,26,28,256
867,29,151,43,72,64,13,29,51,48,35,89,39,69,30,55,25,31,218
868,33,151,53,78,77,16,32,51,54,39,90,40,64,27,58,25,21,248
869,20,165,58,82,75,15,30,54,55,39,93,37,74,29,56,26,26,252
870,32,162,52,72,66,14,30,54,55,38,92,36,73,27,57,27,30,226
871,32,164,57,76,69,14,31,56,56,40,96,40,76,26,55,27,29,242
872,22,157,50,73,68,14,31,53,52,39,90,37,71,27,55,27,24,228
873,23,164,54,74,67,14,33,55,55,40,96,34,75,23,57,29,25,229
874,52,160,61,87,76,15,32,56,59,38,99,41,74,27,58,28,23,265
875,54,157,61,87,82,15,33,55,60,41,97,30,70,23,56,26,28,260
876,35,154,49,77,68,15,31,51,52,37,90,36,69,25,55,28,29,230
877,33,164,58,79,71,14,33,54,59,39,95,35,76,22,56,28,29,243
878,27,160,62,87,80,15,32,56,61,41,96,33,74,27,56,25,28,262
879,26,161,53,72,68,13,31,54,53,38,93,34,74,30,57,28,27,227
880,26,159,59,84,78,15,32,55,56,39,94,39,72,27,57,26,25,260
881,26,159,64,88,83,15,36,55,59,42,98,38,71,25,56,27,27,273
882,36,158,52,78,70,12,31,53,57,36,93,38,71,25,55,28,26,238
883,20,160,51,74,69,15,31,56,51,41,91,28,74,21,54,29,28,222
884,23,164,64,82,73,16,33,56,59,43,99,27,73,20,57,30,28,246
885,22,154,65,98,92,16,36,54,56,37,97,27,69,20,57,27,22,282
886,38,156,54,76,70,16,31,53,53,39,91,40,69,25,56,27,29,240
887,28,133,42,63,60,15,31,45,48,34,80,31,58,23,55,23,23,196
888,25,158,77,96,91,18,37,54,63,43,105,25,68,19,60,27,25,289
889,26,138,37,56,54,14,28,45,43,38,78,34,62,29,57,23,34,181
890,26,126,28,68,64,13,28,40,48,34,68,33,55,26,55,20,33,193
891,26,167,58,79,73,14,31,55,55,37,97,41,75,24,57,27,22,251
892,33,153,59,89,86,16,34,50,56,39,93,38,68,24,56,25,27,272
893,29,160,60,82,75,15,32,54,59,38,96,30,69,24,56,28,22,247
894,35,155,56,91,78,14,30,52,56,36,96,36,68,24,55,28,26,261
895,34,151,51,82,75,14,33,51,55,39,92,29,65,21,55,25,30,237
896,38,148,51,77,76,14,30,49,57,38,91,36,68,26,54,22,30,240
897,29,154,42,68,63,13,30,50,46,39,84,32,67,24,54,27,28,205
898,37,164,52,75,67,14,30,55,55,38,91,33,74,26,56,30,26,227
899,37,156,59,84,80,16,32,41,58,39,98,36,65,30,54,27,26,259
900,26,161,62,89,84,16,35,54,54,39,94,27,73,20,57,25,21,262
901,33,155,63,93,86,16,31,51,58,39,99,26,69,20,57,25,23,268
902,26,160,47,65,61,14,30,52,52,39,86,31,74,22,56,28,32,204
903,27,154,41,65,62,13,28,52,49,35,80,32,75,25,54,25,27,200
904,36,157,47,71,68,14,30,55,52,36,88,32,74,24,53,24,26,218
905,37,157,47,74,66,14,31,52,50,37,92,27,69,19,53,28,29,214
906,23,159,47,69,64,14,30,53,50,38,88,33,74,26,55,26,30,213
907,20,157,63,91,85,15,35,53,57,39,95,31,69,22,55,24,24,270
908,23,156,54,81,78,14,33,52,54,37,90,33,69,24,57,24,24,246
909,20,156,54,75,72,15,32,53,54,38,92,42,70,27,57,24,30,243
910,27,132,33,55,52,13,26,44,39,34,73,46,60,28,53,21,29,186
911,22,155,43,74,65,14,30,51,46,37,82,32,70,23,53,26,26,214
912,26,158,59,83,79,15,35,52,54,42,94,34,70,29,56,25,29,255
913,25,152,46,69,64,14,31,52,52,38,87,32,70,23,55,24,34,211
914,25,159,62,83,78,16,34,53,58,41,97,36,68,26,55,27,24,259
915,25,154,35,61,58,13,27,53,46,36,77,39,75,28,51,23,34,193
916,31,141,39,69,68,13,30,48,50,39,82,27,65,20,53,22,31,203
917,26,146,38,69,64,13,28,50,49,35,80,26,70,18,53,25,30,197
918,34,166,75,103,98,16,38,54,62,44,102,35,75,26,53,28,28,311
919,32,160,61,88,83,15,35,52,58,39,97,26,72,21,54,27,24,258
920,33,145,35,64,56,13,27,47,45,37,78,40,67,26,55,25,32,195
921,69,148,47,74,71,14,32,51,53,36,89,40,66,27,56,25,31,232
