,age,height,weight,bellyCirc,waistCirc,wristCirc,neckCirc,ArmLength,ThighCirc,shoulderWidth,Hips,armfitCirc,inseam,bodyLength,headCirc,hipLength,shoulderDegree,bodyvalue,type
0,20,167,50,67,64,15,32,55,48,41,87,37,75,60,57,19,23,218,20avgm
1,20,169,55,70,68,16,32,56,52,43,89,37,71,61,57,16,24,230,20avgm
2,20,179,73,83,80,18,37,62,56,42,97,43,85,59,61,16,21,279,20avgm
3,20,160,51,74,72,16,32,52,51,40,87,38,70,57,55,16,24,235,20avgm
4,21,166,81,95,95,19,39,56,62,46,102,46,74,62,60,16,23,317,20avgm
5,24,172,66,80,80,18,35,59,55,43,94,42,80,62,56,17,26,268,20avgm
6,24,185,73,77,77,18,35,60,56,46,94,42,83,67,61,18,24,269,20srtm
7,21,179,74,87,83,17,36,61,55,45,99,44,82,62,61,18,21,288,20avgm
8,22,176,73,86,83,17,36,60,58,46,97,42,78,64,59,17,27,284,20avgm
9,20,164,74,93,87,18,37,57,60,46,101,43,74,60,61,19,28,297,20avgm
10,23,163,62,84,82,16,35,55,54,40,91,43,72,57,59,17,25,271,20avgm
11,23,170,59,73,69,16,34,58,51,41,89,40,77,61,59,19,23,241,20avgm
12,22,177,74,79,76,18,35,61,59,46,100,43,80,64,61,19,23,272,20avgm
13,24,175,74,83,82,18,37,60,58,46,97,47,83,59,58,18,27,286,20btm
14,24,174,71,82,79,17,35,58,57,42,97,43,78,63,59,21,25,275,20avgm
15,23,179,61,74,73,17,35,60,55,47,92,39,80,62,60,17,27,247,20srtm
16,22,174,67,95,74,17,34,57,56,41,96,41,79,62,57,18,24,277,20btm
17,22,176,68,79,77,16,34,58,56,44,96,42,79,66,58,21,22,266,20avgm
18,22,170,59,76,75,17,36,58,58,41,99,42,78,65,59,17,26,252,20avgm
19,20,171,68,83,80,18,36,60,58,43,96,43,77,60,58,17,23,274,20btm
20,21,168,66,85,82,16,34,57,56,43,95,41,77,58,59,19,23,274,20avgm
21,23,177,69,82,81,18,36,59,57,43,95,43,81,63,57,19,28,275,20btm
22,22,176,68,80,79,17,35,59,57,43,96,41,80,61,60,18,28,268,20avgm
23,22,176,71,80,77,18,36,59,56,43,97,43,78,62,60,19,25,271,20avgm
24,21,173,67,88,83,18,35,65,53,41,96,43,85,57,59,20,18,281,20avgm
25,24,169,61,76,75,16,35,57,51,41,93,41,80,59,58,19,22,253,20avgm
26,22,172,64,78,75,17,34,58,52,39,94,45,79,63,59,20,20,262,20avgm
27,20,168,61,78,77,16,37,55,54,42,93,42,74,61,58,17,21,258,20avgm
28,24,179,71,84,82,19,35,61,57,43,95,44,89,60,58,19,23,281,20btm
29,23,174,74,84,82,18,36,58,60,45,90,42,80,61,59,19,23,282,20avgm
30,23,170,64,81,79,17,35,56,56,43,92,43,77,60,59,17,31,267,20avgm
31,24,169,57,74,73,16,34,56,54,39,88,40,75,63,57,19,25,244,20avgm
32,24,168,87,100,99,17,40,59,68,48,110,47,77,57,60,15,29,333,20avgm
33,23,174,64,75,75,16,34,58,56,41,92,42,79,62,59,18,22,256,20avgm
34,24,171,70,88,85,18,36,59,57,44,96,44,77,61,60,18,24,287,20avgm
35,22,185,101,106,98,19,39,63,68,46,113,48,85,66,56,20,27,353,20btm
36,21,164,55,71,67,16,35,55,52,40,89,40,76,58,56,19,31,233,20avgm
37,20,175,76,88,85,17,40,56,60,40,102,50,79,63,57,20,31,299,20avgm
38,23,174,76,93,88,17,35,59,60,40,101,44,80,60,58,18,22,301,20btm
39,24,177,69,80,78,18,37,60,56,45,95,45,80,63,59,18,25,272,20avgm
40,20,170,69,78,75,18,35,59,57,39,96,46,76,63,60,20,23,268,20avgm
41,22,179,67,73,72,17,39,60,53,48,92,43,83,64,59,18,26,255,20srtm
42,22,171,78,90,89,17,37,57,62,44,99,45,78,60,61,16,29,302,20avgm
43,23,171,66,72,70,16,34,58,50,46,88,38,77,62,59,18,23,246,20srtm
44,22,176,55,79,77,17,37,59,53,43,94,43,78,64,60,19,23,254,20avgm
45,23,176,64,78,78,16,36,58,55,42,92,43,80,61,58,17,26,263,20avgm
46,22,168,53,72,71,16,34,59,49,43,86,38,79,57,55,16,28,234,20avgm
47,21,168,78,92,87,17,38,60,62,44,104,49,75,59,61,17,27,306,20avgm
48,22,166,68,87,84,17,36,54,58,40,93,43,71,61,59,18,26,282,20avgm
49,24,174,73,89,88,16,39,60,61,45,98,44,78,59,60,16,25,294,20avgm
50,24,177,69,78,76,17,37,57,53,43,93,44,79,61,59,18,18,267,20avgm
51,21,168,66,79,97,17,37,55,57,44,93,43,75,60,58,19,23,285,20avgm
52,25,172,67,79,78,17,37,59,56,44,94,44,79,59,63,18,20,268,20srtm
53,21,169,63,76,75,17,34,56,57,41,93,42,73,62,60,20,23,256,20avgm
54,21,179,62,74,74,18,34,60,48,44,89,40,81,62,60,17,22,250,20srtm
55,22,174,57,67,67,18,35,58,48,44,87,40,78,62,58,19,24,231,20avgm
56,23,179,78,90,87,17,34,63,60,47,100,46,83,61,59,19,23,301,20avgm
57,22,164,63,80,79,17,37,55,57,42,93,43,73,56,59,19,24,265,20avgm
58,24,170,77,88,84,18,36,57,63,44,102,45,74,60,60,20,26,294,20avgm
59,22,178,81,86,81,17,36,60,62,48,102,45,81,64,59,19,21,293,20avgm
60,22,172,66,83,79,17,35,56,54,42,91,44,77,59,59,20,23,272,20avgm
61,20,173,67,81,80,17,36,57,56,46,94,42,80,60,58,20,28,270,20btm
62,23,178,59,74,71,17,34,59,50,40,89,41,80,63,59,20,27,245,20avgm
63,24,174,80,92,91,18,39,60,61,47,100,47,79,64,60,21,27,310,20avgm
64,22,180,64,76,76,17,34,61,54,46,92,43,83,62,58,19,25,259,20avgm
65,22,181,72,77,76,18,38,63,55,41,95,46,83,64,63,18,23,271,20avgm
66,24,178,72,84,81,17,37,60,59,41,97,47,80,64,61,19,24,284,20avgm
67,22,175,65,70,72,17,34,55,56,41,93,42,75,66,59,20,27,249,20avgm
68,22,170,70,85,83,17,35,55,59,44,98,43,73,65,60,21,26,281,20avgm
69,23,177,64,77,74,17,36,58,55,44,92,41,82,62,59,17,26,256,20srtm
70,20,179,71,79,77,17,33,64,56,43,97,43,83,62,58,19,25,270,20btm
71,21,174,62,74,75,18,35,57,49,45,93,41,77,62,59,18,31,252,20srtm
72,24,170,64,77,75,16,36,58,55,44,92,40,76,61,59,19,23,256,20srtm
73,22,172,69,82,80,17,36,57,55,44,93,42,76,62,61,18,22,273,20avgm
74,24,171,64,77,77,17,35,58,57,39,92,42,77,59,61,18,20,260,20avgm
75,23,181,62,73,71,17,34,58,52,45,88,42,76,69,60,21,26,248,20srtm
76,22,172,70,84,81,17,36,58,59,42,99,42,75,63,58,20,25,277,20btm
77,23,174,76,89,85,17,35,60,60,45,100,46,79,62,59,19,25,296,20avgm
78,24,168,57,76,75,16,35,55,50,44,90,41,72,63,60,21,26,249,20avgm
79,20,171,58,75,73,16,35,58,52,43,87,41,78,60,59,20,21,247,20avgm
80,25,182,71,79,76,18,36,62,57,44,93,46,85,63,58,20,26,272,20btm
81,27,179,102,105,102,19,44,64,72,52,112,53,81,62,60,18,24,362,20avgm
82,25,170,67,85,80,17,37,55,56,45,92,42,76,61,59,19,31,274,20avgm
83,25,175,61,75,73,16,35,56,51,40,93,43,80,61,58,18,24,252,20avgm
84,26,180,78,89,87,17,39,61,60,48,101,46,84,62,60,18,25,300,20avgm
85,25,170,59,76,74,16,36,55,53,44,94,43,77,60,56,18,28,252,20avgm
86,26,180,89,97,92,18,40,62,63,47,102,49,81,63,62,20,23,327,20avgm
87,26,173,73,82,80,17,37,57,59,47,98,43,80,61,61,20,25,278,20avgm
88,29,181,65,76,72,17,36,60,54,47,93,43,81,65,60,21,24,256,20srtm
89,28,169,66,80,80,17,35,54,57,47,92,43,77,61,58,17,26,269,20avgm
90,27,171,67,82,79,16,38,58,56,42,96,47,77,62,60,20,22,275,20avgm
91,27,177,76,90,85,17,39,59,58,48,99,44,81,63,62,19,25,295,20avgm
92,25,178,69,82,76,17,35,59,57,44,96,43,84,62,57,22,23,270,20avgm
93,28,166,60,76,75,16,36,54,55,43,91,41,76,59,60,18,29,252,20avgm
94,27,169,70,84,82,17,37,56,61,49,97,43,76,60,60,22,28,279,20avgm
95,25,178,63,74,72,17,37,57,53,47,92,44,83,64,58,17,27,253,20avgm
96,29,175,69,83,79,17,35,57,59,43,98,44,77,66,60,21,23,275,20avgm
97,25,170,68,82,81,18,34,56,56,46,94,44,75,62,59,18,22,275,20avgm
98,27,171,58,76,72,16,33,57,52,41,90,42,80,59,57,17,25,248,20avgm
99,28,179,84,83,80,19,39,60,61,45,103,47,82,63,61,19,28,294,20avgm
100,26,166,62,81,77,16,36,56,56,43,92,41,76,58,61,16,23,261,20avgm
101,27,168,62,84,80,16,35,58,56,44,95,43,80,59,57,19,26,269,20btm
102,29,177,66,79,77,17,37,61,56,45,93,43,82,61,59,15,29,265,20srtm
103,25,180,69,83,78,17,36,58,55,49,96,42,82,66,59,20,25,272,20avgm
104,26,173,70,80,77,17,36,56,57,42,95,45,76,65,59,20,27,272,20avgm
105,26,163,55,76,74,15,34,55,54,41,89,41,75,58,57,17,26,246,20avgm
106,26,172,74,83,79,18,38,57,60,46,99,48,73,67,59,20,24,284,20avgm
107,25,176,60,74,89,17,34,57,52,48,87,41,82,63,57,18,31,264,20avgm
108,25,177,78,89,85,18,39,58,59,48,100,45,80,63,63,18,28,297,20avgm
109,29,172,68,76,74,17,36,57,55,45,92,47,76,63,58,18,27,265,20avgm
110,25,173,68,84,81,16,36,57,57,46,97,44,78,62,58,18,26,277,20btm
111,28,179,67,78,75,17,37,57,53,47,90,47,82,64,59,17,29,267,20srtm
112,28,162,55,78,72,17,34,54,52,41,87,38,72,58,58,17,23,243,20avgm
113,29,180,69,84,80,17,35,61,55,46,95,45,86,62,62,18,22,278,20avgm
114,27,174,74,87,82,17,37,57,59,47,102,45,77,64,60,18,29,288,20avgm
115,27,176,61,76,70,17,33,57,51,44,91,41,79,62,60,17,27,248,20srtm
116,26,162,87,113,112,18,41,53,64,48,105,48,70,61,62,17,21,360,20avgm
117,25,170,61,80,77,17,37,59,53,46,92,41,81,57,57,15,24,259,20avgm
118,28,170,76,93,102,19,39,56,65,44,100,47,73,64,60,18,24,318,20avgm
119,28,170,68,81,80,17,37,54,60,45,88,45,76,62,57,21,24,274,20avgm
120,27,166,69,89,87,17,40,57,59,44,95,48,75,61,59,18,21,293,20avgm
121,26,174,78,94,88,17,38,59,63,47,101,45,79,59,58,20,24,305,20btm
122,29,171,76,84,84,18,38,57,68,52,98,44,77,63,59,21,27,288,20avgm
123,27,164,81,94,93,20,41,51,72,45,101,47,72,61,61,21,27,315,20avgm
124,29,172,75,84,83,18,40,57,60,47,98,45,78,63,61,19,28,287,20avgm
125,29,175,71,86,81,18,37,55,59,42,96,45,77,62,58,16,24,283,20avgm
126,26,173,73,90,88,17,37,58,62,45,98,46,80,59,59,17,22,297,20avgm
127,26,184,55,70,62,19,33,62,47,44,89,41,85,63,58,16,21,228,20avgm
128,26,174,80,95,86,19,39,59,64,45,101,46,81,64,59,23,26,307,20avgm
129,30,164,56,74,71,18,36,55,52,39,82,41,73,57,57,18,27,242,30avgm
130,29,173,77,88,84,18,41,58,64,50,100,46,80,62,60,20,24,295,20avgm
131,27,175,72,89,83,19,36,57,58,46,98,45,78,61,60,18,25,289,20avgm
132,26,169,53,72,68,17,35,54,49,39,95,41,78,60,59,17,22,234,20avgm
133,27,182,72,83,77,19,35,62,53,45,95,46,83,65,61,21,23,278,20avgm
134,25,183,70,82,75,18,37,62,56,46,94,44,84,66,61,22,23,271,20avgm
135,27,170,65,82,80,17,35,55,57,44,93,43,77,62,61,19,26,270,20avgm
136,27,183,66,81,78,21,35,63,59,48,90,43,89,60,58,17,25,268,20avgm
137,29,185,79,82,78,19,36,63,59,47,99,48,86,68,60,24,22,287,20avgm
138,27,174,67,80,75,17,36,58,58,47,95,44,81,61,59,22,21,266,20srtm
139,28,184,79,87,81,20,36,61,60,45,101,45,84,67,60,21,24,292,20avgm
140,23,178,83,91,84,20,38,61,64,42,104,47,81,66,60,21,23,305,20avgm
141,32,183,69,77,75,19,36,62,52,43,91,43,82,63,60,22,21,264,30avgm
142,32,179,85,97,102,20,37,62,64,46,104,49,80,64,59,24,20,333,30avgm
143,32,180,66,75,73,19,38,61,55,44,91,44,81,63,57,18,29,258,30srtm
144,32,169,63,76,75,18,36,55,56,42,93,40,75,61,57,17,25,254,30avgm
145,31,165,65,85,80,17,37,58,59,44,93,44,74,57,57,19,24,274,30avgm
146,31,165,62,85,83,18,40,56,55,43,88,40,75,57,57,19,29,270,30bqm
147,32,174,85,103,100,18,39,60,68,41,107,51,80,64,58,21,25,339,30avgm
148,33,174,100,112,100,20,42,57,72,46,111,53,76,62,60,18,25,365,30avgm
149,33,174,65,82,80,18,35,59,51,44,91,40,79,63,57,20,30,267,30avgm
150,34,179,63,80,76,17,35,61,51,44,91,41,83,63,55,20,20,260,30avgm
151,31,168,61,74,73,18,35,56,54,42,91,43,77,58,59,17,25,251,30avgm
152,34,169,67,84,82,18,35,57,59,43,95,42,75,60,56,19,23,275,30bqm
153,31,178,83,91,89,19,38,60,62,44,106,47,78,65,59,23,20,310,30avgm
154,34,169,62,76,75,19,37,56,54,44,90,41,75,63,55,20,29,254,30avgm
155,34,177,87,97,95,20,39,61,64,43,103,47,78,65,60,21,21,326,30avgm
156,32,176,67,82,78,18,34,57,58,42,93,42,79,65,56,21,25,269,30bqm
157,33,178,66,78,77,18,35,57,54,44,93,41,77,64,56,20,25,262,30avgm
158,32,177,86,91,90,21,39,60,62,48,106,49,80,62,59,19,24,316,30avgm
159,32,174,58,72,69,19,33,60,51,43,89,39,77,63,58,20,14,238,30avgm
160,32,178,81,87,85,18,37,60,66,47,103,45,81,63,59,21,30,298,30avgm
161,31,174,81,94,93,20,38,59,61,45,99,45,78,64,60,21,29,313,30avgm
162,31,176,82,89,89,19,40,60,62,42,104,47,78,65,60,19,23,307,30avgm
163,32,169,66,82,80,17,35,56,57,43,95,43,74,63,58,19,27,271,30bqm
164,31,170,63,80,78,18,36,56,58,42,91,43,73,63,57,21,23,264,30bqm
165,31,174,69,81,78,17,37,59,57,44,97,45,79,61,56,18,31,273,30avgm
166,33,170,64,79,77,18,37,57,56,45,92,43,77,58,56,18,25,263,30avgm
167,31,161,57,78,75,18,34,54,60,40,92,39,73,58,53,20,28,249,30avgm
168,30,170,54,71,70,18,33,56,50,41,87,40,76,61,59,20,18,235,30avgm
169,31,176,85,97,93,18,37,60,67,47,97,47,76,64,59,20,22,322,30avgm
170,28,169,69,81,79,19,37,57,59,45,98,44,75,62,60,19,29,273,20avgm
171,32,171,61,73,72,18,35,56,51,47,90,41,75,61,57,17,28,247,30avgm
172,32,177,61,75,72,17,34,60,50,47,90,40,81,63,59,21,26,248,30avgm
173,34,171,70,82,81,18,36,56,56,45,95,43,77,62,56,19,27,276,30avgm
174,30,174,79,92,91,18,38,59,61,47,103,45,75,64,60,20,29,307,30avgm
175,33,171,60,73,71,18,35,59,54,40,90,43,76,61,61,19,27,247,30avgm
176,35,175,66,83,81,18,36,62,56,41,93,44,79,62,59,20,19,274,30avgm
177,30,183,90,95,92,19,37,62,67,47,105,51,83,66,59,20,25,328,30avgm
178,31,181,74,80,77,20,37,64,54,48,96,46,85,61,58,18,21,277,30avgm
179,31,173,68,84,82,18,36,59,55,44,95,43,77,61,60,19,23,277,30avgm
180,31,165,63,80,78,17,34,57,56,43,91,42,74,60,59,19,23,263,30bqm
181,30,179,71,84,81,18,38,62,59,45,98,45,80,64,60,21,25,281,30avgm
182,31,167,60,81,78,19,35,56,58,41,90,41,73,60,59,18,31,260,30bqm
183,30,170,59,79,78,18,35,59,49,43,87,42,77,60,57,18,26,258,30srtm
184,34,169,61,77,76,17,35,59,53,41,90,42,77,56,57,18,22,256,30srtm
185,31,174,66,80,74,19,36,62,57,42,95,42,78,61,59,19,21,262,30avgm
186,31,161,46,65,63,16,34,54,46,44,83,37,73,58,55,17,23,211,30avgm
187,32,167,66,81,80,18,36,58,57,42,94,45,74,60,60,19,24,272,30avgm
188,34,172,58,72,69,18,35,57,53,41,89,41,80,62,57,20,24,240,30avgm
189,33,179,67,80,78,20,35,61,55,43,94,42,83,63,60,20,21,267,30avgm
190,32,169,70,86,82,20,36,59,59,44,96,43,77,60,59,19,27,281,30avgm
191,31,166,70,82,80,17,38,58,59,45,95,42,76,59,58,18,25,274,30avgm
192,33,177,63,77,74,19,35,61,52,43,89,42,81,65,58,21,23,256,30avgm
193,32,174,70,83,79,18,35,60,59,43,94,45,79,62,57,20,26,277,30avgm
194,33,181,60,71,69,18,33,59,50,46,90,39,82,65,59,21,26,239,30avgm
195,29,170,69,83,80,19,35,56,58,44,95,45,74,62,60,21,24,277,20avgm
196,26,173,61,75,72,19,34,59,52,42,92,42,78,62,58,20,27,250,20avgm
197,32,169,72,88,84,18,37,55,60,46,97,45,70,63,59,19,26,289,30avgm
198,29,184,66,81,76,18,33,60,52,44,93,43,85,64,59,22,21,266,20srtm
199,36,187,126,117,101,21,43,62,76,52,123,51,80,70,64,22,24,395,30avgm
200,35,171,65,85,79,19,36,57,56,42,95,42,76,63,56,20,19,271,30bqm
201,35,171,63,76,73,17,37,56,51,43,93,41,73,63,60,18,27,253,30avgm
202,38,168,74,88,84,19,36,58,62,44,98,44,74,60,60,18,26,290,30avgm
203,38,184,105,103,98,19,42,64,66,47,108,51,82,67,59,22,21,357,30avgm
204,38,168,42,66,63,15,30,57,43,44,79,34,76,57,52,17,24,205,30avgm
205,37,174,93,100,96,19,40,63,66,47,109,48,75,65,60,21,22,337,30avgm
206,36,181,84,94,90,19,37,62,60,47,102,45,77,65,60,20,21,313,30avgm
207,38,171,64,79,76,18,35,58,57,41,94,43,75,62,57,19,26,262,30avgm
208,38,161,62,76,74,19,37,56,54,44,89,44,71,56,58,17,27,256,30avgm
209,37,172,61,78,71,18,34,59,54,41,89,41,77,59,59,18,23,251,30avgm
210,38,180,67,80,77,18,35,61,55,45,94,42,80,65,59,21,29,266,30avgm
211,38,176,62,77,71,17,34,59,54,41,91,43,80,62,58,21,22,253,30avgm
212,37,177,82,92,83,20,35,60,65,44,101,50,78,64,58,21,23,307,30avgm
213,39,180,59,75,74,18,36,61,48,45,86,44,83,60,57,18,26,252,30srtm
214,36,172,75,89,85,18,37,60,62,43,97,46,76,59,57,20,22,295,30avgm
215,36,172,86,95,88,19,35,58,69,40,108,48,73,63,57,23,24,317,30avgm
216,36,171,66,87,82,19,36,60,56,45,96,43,77,61,59,21,24,278,30avgm
217,39,168,57,76,74,16,35,57,56,41,88,40,73,60,57,19,21,247,30avgm
218,39,177,71,82,78,20,37,61,57,45,96,44,80,63,57,20,28,275,30avgm
219,37,184,89,93,90,19,37,63,66,47,101,51,80,69,59,21,25,323,30avgm
220,37,174,54,72,67,18,34,58,48,40,86,40,79,61,56,16,26,233,30avgm
221,37,177,60,79,73,18,35,58,50,42,89,42,80,61,56,18,21,254,30avgm
222,39,171,71,86,81,17,34,62,58,41,92,47,78,57,58,18,24,285,30avgm
223,38,175,63,74,73,18,35,60,52,45,88,45,81,60,59,20,25,255,30avgm
224,39,161,55,74,73,17,34,54,56,42,88,41,71,57,57,17,25,243,30avgm
225,39,180,71,84,77,18,33,58,57,44,96,43,77,69,56,23,19,275,30avgm
226,37,169,61,77,72,18,35,55,54,42,91,43,73,63,57,19,28,253,30avgm
227,37,177,85,95,87,19,37,59,65,40,104,47,75,66,61,22,20,314,30avgm
228,32,181,64,77,72,19,34,63,55,45,92,41,82,67,57,21,20,254,30srtm
229,30,161,63,86,84,18,36,57,59,42,98,44,67,60,55,17,25,277,30bqm
230,30,167,67,80,78,19,36,57,58,39,93,44,73,61,59,18,21,269,30bqm
231,25,168,58,73,72,18,35,56,54,45,80,43,74,22,57,26,29,246,20avgm
232,26,174,65,81,79,17,36,58,57,46,93,41,78,23,57,29,29,266,20avgm
233,24,174,75,89,86,18,39,56,60,47,98,42,78,23,58,30,30,292,20avgm
234,39,165,49,65,64,17,33,52,53,42,83,48,73,23,54,25,27,226,30avgm
235,26,174,58,75,73,17,37,56,57,44,88,42,78,24,59,26,25,248,20avgm
236,24,172,59,73,72,18,34,55,58,46,89,39,78,23,56,24,28,243,20avgm
237,25,181,61,74,72,18,35,60,51,50,92,41,82,26,57,26,30,248,20avgm
238,22,175,74,88,82,18,37,60,62,46,98,43,80,24,56,29,25,287,20avgm
239,30,179,73,84,80,18,38,58,59,48,98,42,79,22,55,28,27,279,30avgm
240,63,178,84,84,82,20,41,59,63,47,102,41,76,25,60,28,23,291,60brtm
241,31,168,68,85,81,18,35,57,64,43,97,37,75,21,55,27,26,271,30bqm
242,32,180,85,92,89,18,39,61,64,52,108,42,84,23,57,27,29,308,30avgm
243,24,177,80,86,83,19,39,59,61,49,98,42,78,27,57,29,25,291,20avgm
244,24,168,56,72,73,17,36,57,50,44,87,50,77,25,58,25,29,251,20avgm
245,26,175,71,83,77,18,37,59,64,42,97,43,75,25,60,28,23,274,20avgm
246,28,180,57,73,70,17,35,60,53,45,88,43,83,24,56,29,31,243,20avgm
247,24,163,56,78,75,16,36,51,58,41,89,38,67,22,56,27,27,247,20avgm
248,25,176,76,83,81,18,37,59,64,44,97,42,80,24,60,25,27,282,20avgm
249,25,179,69,78,76,18,37,60,58,49,95,40,83,22,60,26,26,263,20avgm
250,32,162,68,92,87,17,37,53,65,43,97,43,69,25,56,25,24,290,30bqm
251,36,170,89,97,95,20,41,56,70,48,108,46,76,26,56,29,27,327,30avgm
252,29,172,60,76,75,18,36,56,56,45,90,42,79,25,55,25,34,253,20avgm
253,31,174,70,88,85,18,39,57,63,46,95,44,77,26,60,27,27,287,30avgm
254,41,176,63,74,73,17,36,57,57,45,95,45,80,23,56,27,29,255,40avgm
255,30,173,73,91,85,18,38,59,59,43,99,44,80,23,61,27,21,293,30avgm
256,29,173,66,75,73,18,37,58,58,45,94,42,80,26,59,23,28,256,20avgm
257,31,184,75,84,84,18,38,62,60,48,98,42,86,25,60,25,26,285,30avgm
258,20,170,65,84,82,18,37,56,55,45,95,38,78,21,65,24,26,269,20avgm
259,62,166,58,76,76,17,35,57,55,42,89,44,77,26,58,20,25,254,60avgm
260,32,170,56,71,70,18,34,57,51,42,87,39,82,25,60,23,24,236,30avgm
261,67,166,74,94,93,19,40,55,57,43,96,44,73,22,57,26,25,305,60avgm
262,39,173,60,76,74,17,35,57,56,43,93,39,80,24,55,23,26,249,30avgm
263,21,179,72,88,78,18,35,61,62,43,97,42,80,23,58,27,24,280,20avgm
264,23,171,61,74,72,18,37,55,55,45,89,40,76,27,56,24,25,247,20avgm
265,23,179,64,71,70,19,35,59,52,45,93,34,83,26,55,22,30,239,20avgm
266,23,180,64,77,75,18,36,60,57,44,94,34,85,25,56,23,29,250,20avgm
267,66,178,65,81,77,17,38,60,55,45,91,37,86,27,58,23,22,260,60avgm
268,23,177,90,94,94,20,41,58,68,46,108,34,80,28,59,23,26,312,20avgm
269,60,156,65,87,87,18,37,54,58,40,94,43,69,29,58,25,24,282,60avgm
270,28,170,69,87,86,18,36,55,58,44,94,37,76,29,57,24,26,279,20avgm
271,49,171,56,68,66,18,36,56,51,42,87,36,80,25,55,23,28,226,40avgm
272,25,173,69,86,82,19,38,60,58,45,94,40,82,27,58,26,27,277,20avgm
273,24,175,71,84,81,18,37,59,59,45,95,35,83,26,57,24,26,271,20avgm
274,51,180,71,84,81,19,38,60,58,47,94,43,88,24,57,25,28,279,50qm
275,68,174,63,75,71,17,34,57,57,46,93,42,82,26,59,24,30,251,60avgm
276,25,166,56,77,75,16,35,56,54,43,90,45,80,24,57,21,26,253,20avgm
277,32,180,77,86,84,19,38,50,60,45,101,44,84,24,60,23,24,291,30avgm
278,21,170,113,123,125,21,52,58,72,47,123,40,77,25,60,25,30,401,20avgm
279,35,174,78,93,89,19,42,59,60,44,98,41,82,24,58,26,25,301,30avgm
280,29,165,64,88,90,18,38,53,53,42,91,37,74,22,58,25,24,279,20avgm
281,60,171,74,95,94,18,40,58,60,41,97,43,77,25,57,26,23,306,60avgm
282,62,182,81,93,93,18,42,61,59,45,97,43,86,25,60,23,27,310,60avgm
283,59,163,75,97,99,19,40,54,60,44,99,44,73,22,57,23,21,315,50qm
284,26,169,75,97,98,18,39,58,60,44,98,43,79,26,58,26,22,313,20avgm
285,23,164,71,96,94,19,40,56,56,41,93,44,78,26,58,25,26,305,20avgm
286,23,160,53,73,72,16,34,54,53,42,86,44,75,23,56,21,23,242,20avgm
287,21,175,80,89,89,19,38,58,63,45,102,44,80,25,58,26,30,302,20avgm
288,25,173,64,80,77,17,36,56,55,46,93,41,79,24,57,25,28,262,20avgm
289,21,167,72,87,87,19,42,56,60,48,94,45,79,26,59,22,32,291,20avgm
290,24,171,63,83,82,17,36,55,55,43,91,39,77,23,56,24,26,267,20avgm
291,42,166,66,89,88,18,38,54,55,45,92,43,74,24,55,23,32,286,40rtm
292,42,165,74,96,98,18,39,56,63,42,100,39,75,28,55,24,26,307,40rtm
293,50,167,72,90,86,18,38,53,60,43,100,43,75,24,55,26,24,291,50qm
294,25,170,72,89,88,18,40,57,58,45,96,48,76,24,56,24,26,297,20avgm
295,25,169,72,88,88,20,43,52,63,46,93,45,76,28,56,24,33,293,20avgm
296,36,171,63,77,74,18,36,56,57,43,94,44,78,26,57,26,29,258,30bqm
297,62,171,64,75,74,17,36,57,55,43,93,43,78,25,55,25,31,256,60avgm
298,25,161,54,74,73,17,34,55,55,41,86,40,76,26,55,23,24,241,20avgm
299,29,156,55,86,85,17,37,52,51,42,88,42,72,26,56,22,28,268,20qm
300,55,173,69,85,83,19,37,60,60,47,96,40,83,23,53,25,30,277,50qm
301,29,167,78,96,96,19,41,57,60,46,99,40,74,23,56,25,31,310,20avgm
302,25,166,82,99,101,18,41,53,68,46,99,44,73,25,57,22,26,326,20qm
303,47,168,77,98,97,19,37,55,67,44,100,42,75,26,55,26,29,314,40rtm
304,32,177,77,92,90,19,42,58,64,47,100,46,80,25,57,26,27,305,30avgm
305,25,167,72,91,92,19,39,53,59,46,97,37,75,25,57,25,26,292,20avgm
306,25,172,65,82,79,17,37,56,55,45,104,35,77,25,57,24,19,261,20avgm
307,29,169,71,88,88,19,40,56,61,45,96,40,76,28,58,23,21,287,20avgm
308,29,170,73,91,86,18,39,57,61,46,97,33,76,23,57,29,26,283,20avgm
309,29,168,69,87,88,19,40,57,64,42,96,35,78,24,56,25,23,279,20avgm
310,28,170,73,87,84,17,39,57,63,46,100,38,80,24,58,25,28,282,20avgm
311,42,169,49,63,63,17,34,55,48,43,96,38,78,24,53,22,26,213,40avgm
312,21,178,101,107,107,19,40,61,69,49,111,41,83,25,57,24,27,356,20avgm
313,29,176,79,90,89,19,38,58,66,43,102,43,79,23,57,28,23,301,20avgm
314,23,176,80,88,88,19,37,58,64,47,100,42,80,23,57,25,24,298,20avgm
315,44,173,71,89,88,18,36,57,61,45,95,45,81,27,56,26,32,293,40rtm
316,29,171,73,89,89,20,42,55,56,46,97,40,78,26,57,24,29,291,20avgm
317,29,175,83,93,93,21,40,57,64,45,95,29,79,19,58,26,26,298,20avgm
318,35,170,91,109,103,20,42,56,69,43,106,43,75,25,58,26,24,346,30bqm
319,31,169,63,80,77,17,38,56,54,47,91,44,79,26,54,22,32,264,30avgm
320,24,173,78,89,87,19,41,56,63,44,98,38,76,22,58,26,29,292,20avgm
321,24,169,60,73,73,18,37,56,52,45,90,39,78,24,53,23,26,245,20avgm
322,22,166,55,72,71,18,35,57,50,43,86,40,75,23,56,23,29,238,20avgm
323,27,179,79,88,87,20,39,62,63,46,99,37,85,21,59,25,24,291,20avgm
324,50,171,58,77,76,18,35,57,53,39,91,41,76,23,56,25,22,252,50qm
325,35,170,75,91,91,19,40,53,65,44,97,27,76,21,57,28,26,284,30avgm
326,20,137,29,56,53,11,25,46,39,36,68,33,65,27,52,21,21,171,20avgm
327,26,179,82,82,81,16,36,60,58,45,99,41,83,26,59,25,25,286,20avgm
328,26,173,73,77,75,15,35,57,56,46,94,33,82,26,59,26,23,258,20avgm
329,40,177,62,73,72,14,34,57,54,39,90,38,83,22,58,25,31,245,40sqm
330,35,182,77,83,77,15,35,60,57,46,101,39,82,24,57,34,27,276,30avgm
331,53,186,85,85,83,14,36,64,57,47,100,40,88,27,58,27,23,293,50avgm
332,26,176,63,72,69,14,34,59,52,47,92,36,81,26,58,28,29,240,20avgm
333,34,170,58,68,67,13,32,55,53,46,85,39,79,23,56,26,32,232,30avgm
334,24,178,70,75,74,14,35,60,53,43,94,37,83,25,59,25,27,256,20avgm
335,34,181,63,68,67,15,33,61,56,45,88,36,86,26,57,25,33,234,30srtm
336,36,183,71,74,73,13,38,63,58,47,93,35,89,28,60,29,29,253,30avgm
337,27,177,67,75,70,15,33,59,53,45,93,33,82,27,58,32,27,245,20avgm
338,51,179,68,81,73,15,33,60,53,41,96,35,81,23,56,28,29,257,50avgm
339,61,167,73,85,80,15,34,54,61,43,100,32,72,23,58,28,27,270,60rtm
340,58,161,63,85,85,14,36,56,50,41,91,36,70,29,58,25,26,269,50qm
341,35,137,37,68,65,11,29,47,47,34,77,34,64,25,54,23,31,204,30avgm
342,32,173,63,76,73,13,31,62,55,42,95,34,78,30,55,28,21,246,30srtm
343,31,169,54,69,66,14,34,56,49,42,87,39,76,27,53,25,29,228,30avgm
344,33,178,67,73,70,15,33,59,53,44,94,38,79,26,56,28,28,248,30srtm
345,22,168,60,74,70,14,32,53,54,44,91,37,75,25,57,25,28,241,20avgm
346,28,177,64,77,73,13,32,59,52,42,94,40,79,26,56,28,28,254,20avgm
347,35,178,80,82,80,14,34,58,60,45,99,42,78,26,61,28,24,284,30avgm
348,36,166,60,72,67,14,32,55,53,40,93,31,72,22,56,27,21,230,30avgm
349,31,171,41,54,54,13,29,57,40,36,77,35,79,25,55,25,24,184,30avgm
350,35,176,62,71,70,14,36,60,50,47,91,27,82,21,58,25,35,230,30avgm
351,28,165,67,80,78,14,36,52,56,39,93,39,71,28,58,26,23,264,20avgm
352,26,165,49,65,63,12,31,53,46,38,85,42,75,28,54,24,28,219,20avgm
353,31,127,27,57,55,10,25,40,41,32,67,40,56,24,53,21,27,179,30avgm
354,30,157,42,63,60,12,29,52,45,39,78,40,75,26,56,21,32,205,30avgm
355,33,171,60,76,72,13,33,57,54,44,89,40,81,24,54,26,31,248,30avgm
356,29,175,56,66,62,14,33,55,48,42,89,41,81,27,57,26,29,225,20avgm
357,31,170,80,87,86,14,38,58,68,43,107,44,76,27,59,28,20,297,30avgm
358,33,166,85,93,94,15,38,54,67,44,105,41,73,26,58,25,24,313,30avgm
359,30,170,60,69,68,14,32,57,53,43,92,38,76,26,55,27,28,235,30avgm
360,29,173,60,72,71,15,32,58,52,45,89,37,81,25,55,26,32,240,20avgm
361,30,167,65,75,73,14,34,57,60,42,92,36,79,22,57,25,28,249,30avgm
362,28,135,31,62,58,10,27,44,43,35,70,38,62,26,52,23,30,189,20avgm
363,27,130,28,57,57,10,24,41,41,33,68,39,59,24,51,21,28,181,20avgm
364,29,175,68,76,73,13,34,58,56,42,94,42,79,24,58,27,25,259,20avgm
365,42,173,81,93,87,14,38,57,63,40,103,39,77,23,60,29,23,300,40avgm
366,31,163,73,88,86,14,37,53,65,43,101,35,68,25,57,28,23,282,30bqm
367,31,168,50,69,66,13,31,56,47,40,84,38,74,23,55,27,20,223,30avgm
368,31,172,76,88,83,14,36,59,60,47,97,41,77,23,59,26,28,288,30avgm
369,36,144,38,65,61,11,27,48,47,34,76,35,68,24,54,22,27,199,30avgm
370,30,170,66,77,73,14,34,56,56,44,92,42,77,24,56,28,33,258,30avgm
371,29,169,74,81,79,14,35,60,62,45,97,41,81,24,58,28,27,275,20avgm
372,32,174,72,81,80,13,34,59,57,44,97,38,82,24,59,27,30,271,30avgm
373,28,163,59,72,72,14,33,54,51,40,91,40,72,28,56,26,27,243,20avgm
374,28,166,60,76,74,13,32,58,52,40,90,39,74,23,57,25,28,249,20avgm
375,35,166,63,79,77,14,36,54,57,43,91,36,72,25,56,29,28,255,30avgm
376,32,169,65,79,78,14,35,58,57,44,93,36,79,25,59,24,28,258,30avgm
377,57,175,60,71,70,14,33,57,51,42,91,36,80,23,57,26,27,237,50qm
378,32,160,57,79,76,15,34,52,51,40,91,38,68,24,57,24,25,250,30avgm
379,30,158,64,87,87,14,37,52,57,43,90,36,67,29,57,27,27,274,30bqm
380,27,165,70,97,93,14,40,56,57,39,96,37,75,24,57,27,25,297,20avgm
381,31,176,68,77,75,13,32,58,58,45,96,37,78,28,57,26,24,257,30avgm
382,30,173,57,69,66,14,33,56,48,42,88,37,77,23,56,26,28,229,30avgm
383,30,154,61,84,85,16,36,55,53,39,92,38,66,21,56,25,23,268,30bqm
384,29,173,72,89,87,15,41,62,57,43,96,43,80,26,59,26,25,291,20avgm
385,28,158,64,89,88,14,37,55,51,38,91,42,72,26,56,25,23,283,20avgm
386,28,172,75,90,92,15,37,60,54,40,96,43,77,24,59,29,23,300,20avgm
387,35,168,66,83,82,14,37,56,53,39,91,42,73,24,58,26,25,273,30bqm
388,22,154,58,82,86,13,35,52,55,40,88,45,69,26,56,24,26,271,20avgm
389,44,184,84,86,82,15,37,64,63,47,101,43,82,25,57,30,28,295,40avgm
390,41,180,82,83,81,15,36,61,61,47,100,41,84,28,59,26,25,287,40avgm
391,52,175,77,86,83,15,35,58,59,45,97,48,82,26,58,25,23,294,50qm
392,29,170,67,82,80,13,34,59,55,42,95,47,76,28,59,25,27,276,20avgm
393,33,178,65,75,70,14,34,60,55,44,92,44,82,24,55,27,28,254,30srtm
394,33,174,71,74,73,14,35,61,56,44,91,38,80,25,58,26,26,256,30avgm
395,33,170,65,77,76,14,36,57,54,42,90,39,76,25,56,26,26,257,30avgm
396,41,169,69,73,74,15,35,57,54,46,93,36,77,24,57,24,27,252,40avgm
397,37,158,65,80,80,15,36,51,53,44,91,37,69,26,58,24,30,262,30avgm
398,51,164,83,93,98,15,39,53,69,46,100,43,70,26,59,26,29,317,50qm
399,54,174,76,82,80,14,35,59,58,46,96,42,78,27,56,25,24,280,50qm
400,47,175,77,82,80,14,36,58,58,43,98,40,79,25,60,26,26,279,40avgm
401,33,182,89,97,95,15,42,63,63,49,103,42,82,29,58,28,27,323,30avgm
402,33,171,70,80,79,13,35,59,57,44,93,43,78,26,57,24,26,272,30avgm
403,30,167,65,83,82,13,34,55,54,42,93,48,72,29,57,27,29,278,30bqm
404,31,177,80,84,80,15,36,59,60,44,101,42,79,25,59,29,21,286,30avgm
405,37,167,65,75,74,13,35,57,56,42,93,34,76,23,56,24,27,248,30avgm
406,34,177,75,77,75,14,35,61,57,43,97,32,80,21,60,26,29,259,30avgm
407,58,171,70,78,76,14,35,58,54,44,96,39,77,25,56,26,29,263,50qm
408,44,168,71,84,81,14,35,57,58,47,97,37,76,24,54,27,30,273,40avgm
409,39,173,74,82,83,14,37,56,58,43,99,39,77,23,59,25,30,278,30bqm
410,57,166,64,76,74,13,34,57,53,38,89,36,75,26,58,25,28,250,50qm
411,57,173,69,85,82,14,35,57,53,41,94,41,78,25,60,29,23,277,50avgm
412,54,176,100,103,102,16,39,59,69,46,105,42,77,25,59,29,24,347,50avgm
413,31,163,68,82,83,15,36,52,58,44,92,42,70,22,56,25,26,275,30avgm
414,37,155,45,67,63,12,29,48,49,41,81,41,78,24,57,23,30,216,30avgm
415,42,152,40,62,60,12,28,47,46,37,77,41,71,27,55,21,31,203,40avgm
416,34,176,90,90,90,15,40,61,67,47,93,40,78,26,60,29,31,310,30avgm
417,29,166,71,84,83,14,36,56,57,43,93,37,74,21,57,25,30,275,20avgm
418,30,171,59,70,68,14,32,58,49,46,86,43,77,26,56,26,28,240,30avgm
419,33,170,51,67,64,16,32,57,45,42,85,39,77,24,55,25,26,221,30avgm
420,34,174,55,70,70,14,35,58,42,37,86,35,80,24,58,27,22,230,30avgm
421,42,167,77,100,96,15,37,57,62,43,97,40,74,25,59,29,27,313,40avgm
422,32,178,106,105,106,17,44,59,73,49,110,35,77,23,60,31,26,352,30avgm
423,30,169,87,97,96,15,40,56,62,43,101,39,74,26,59,30,21,319,30bqm
424,67,168,73,88,84,14,34,55,59,46,97,34,71,27,57,28,29,279,60brtm
425,38,169,63,82,78,14,35,56,54,43,90,34,74,24,59,26,23,257,30sqm
426,33,169,51,71,64,13,35,58,42,40,85,38,79,27,57,27,22,224,30avgm
427,38,175,65,73,72,14,34,57,52,41,92,38,79,23,59,26,28,248,30sqm
428,38,159,66,85,90,16,37,55,53,41,92,35,70,27,57,25,26,276,30bqm
429,35,160,65,89,85,14,37,54,52,44,90,37,70,25,56,29,30,276,30avgm
430,39,165,72,91,91,15,40,53,59,43,95,38,73,23,60,25,32,292,30bqm
431,52,158,63,86,88,13,36,53,54,40,92,37,68,25,60,26,28,274,50qm
432,32,159,57,79,76,13,32,56,51,39,88,38,71,26,53,27,27,250,30avgm
433,32,155,65,89,89,15,38,53,54,39,91,35,64,24,58,26,22,278,30bqm
434,43,169,67,87,85,14,34,55,58,39,92,38,73,25,57,27,28,277,40avgm
435,42,169,72,84,84,15,36,55,61,39,94,36,75,23,57,27,29,276,40avgm
436,31,159,55,71,71,15,33,56,46,37,84,37,71,26,56,26,25,234,30avgm
437,34,170,81,88,87,15,40,60,64,43,100,39,76,25,57,27,21,295,30avgm
438,48,176,77,87,84,14,38,59,58,45,94,40,80,28,57,28,29,288,40avgm
439,31,170,69,81,81,14,35,56,56,43,97,41,75,27,56,25,24,272,30bqm
440,40,179,58,68,66,14,33,62,47,44,90,41,81,26,57,28,23,233,40avgm
441,42,161,61,86,85,16,38,53,54,41,93,43,69,24,56,27,30,275,40avgm
442,37,159,59,87,87,16,36,54,49,39,87,38,72,30,57,28,27,271,30bqm
443,35,172,71,85,81,14,36,59,63,46,98,38,79,23,59,28,25,275,30avgm
444,62,168,71,80,77,15,37,57,57,45,96,40,74,23,60,27,30,268,60brtm
445,35,172,77,94,92,16,38,59,61,43,99,37,80,27,55,26,27,300,30avgm
446,37,171,69,86,82,16,39,58,57,43,96,41,76,23,59,27,24,278,30avgm
447,66,173,58,73,72,16,36,60,52,42,90,42,79,25,59,25,26,245,60avgm
448,63,163,65,89,88,17,39,55,54,41,93,41,74,26,57,26,28,283,60avgm
449,62,164,55,81,80,15,34,55,50,38,88,40,75,25,56,26,25,256,60sqm
450,38,169,63,79,76,14,36,57,58,42,88,38,78,25,58,26,26,256,30avgm
451,44,163,65,81,79,16,35,52,61,42,95,39,72,30,57,25,26,264,40rtm
452,36,164,63,80,80,17,37,57,52,40,93,38,73,24,57,27,25,261,30bqm
453,63,162,74,98,99,17,42,55,63,42,100,37,69,24,56,28,29,308,60avgm
454,52,164,53,67,66,14,33,56,48,40,85,43,76,27,58,25,31,229,50qm
455,61,164,52,75,72,15,36,54,48,40,85,42,74,31,56,25,27,241,60sqm
456,58,166,68,94,93,16,39,56,54,43,94,43,72,26,56,28,28,298,50avgm
457,66,165,72,101,101,17,37,57,60,40,99,39,73,26,55,27,27,313,60avgm
458,54,170,74,92,92,18,37,59,56,41,99,45,75,31,56,28,23,303,50avgm
459,68,168,63,88,88,15,37,58,54,38,91,39,77,25,56,29,25,278,60avgm
460,64,160,56,74,72,16,35,54,50,35,89,35,70,26,57,26,24,237,60sqm
461,67,183,85,93,89,17,41,63,65,48,103,35,82,30,60,29,28,302,60brtm
462,63,167,59,86,83,16,37,58,50,41,87,33,75,21,58,26,25,261,60sqm
463,57,163,64,81,81,17,37,54,58,44,92,38,72,26,57,27,26,264,50avgm
464,51,169,50,65,65,15,32,55,46,42,81,38,77,27,58,24,23,218,50qm
465,57,167,65,82,81,14,37,58,55,39,93,38,78,32,58,26,28,266,50qm
466,62,163,63,87,89,16,40,57,50,36,91,39,75,24,57,28,26,278,60avgm
467,50,167,76,100,100,17,39,55,61,43,99,43,73,25,57,27,25,319,50avgm
468,62,171,67,82,79,16,38,56,56,40,93,39,75,29,57,27,26,267,60sqm
469,63,163,62,89,88,16,35,56,49,39,91,39,73,27,58,27,27,278,60avgm
470,66,157,62,83,80,17,36,53,55,40,96,42,65,28,56,26,33,267,60sqm
471,64,171,78,92,95,16,39,59,65,41,100,47,78,26,59,28,25,312,60avgm
472,63,164,65,87,85,17,37,55,53,41,91,44,69,29,59,29,27,281,60rtm
473,58,175,68,83,79,16,36,59,55,44,94,40,78,27,59,28,29,270,50avgm
474,56,156,51,76,74,15,37,53,54,38,85,36,69,27,57,27,25,237,50sqm
475,52,172,76,96,95,15,37,56,58,42,98,39,77,29,58,26,26,306,50qm
476,56,157,50,79,75,15,34,52,50,37,84,35,67,25,56,26,29,239,50sqm
477,60,164,48,69,69,15,35,55,45,39,82,36,73,28,55,24,24,222,60sqm
478,58,170,65,89,89,16,38,59,53,40,92,35,76,24,56,27,24,278,50avgm
479,64,156,66,92,93,16,40,51,60,37,93,36,60,28,58,31,24,287,60avgm
480,60,171,67,85,83,17,36,59,54,40,93,39,77,28,57,26,23,274,60avgm
481,66,166,58,82,80,15,35,55,52,40,90,38,74,27,54,26,33,258,60sqm
482,63,174,90,97,94,16,39,57,68,44,108,39,75,24,60,31,28,320,60brtm
483,66,177,71,81,77,16,36,59,57,44,95,40,80,24,59,28,33,269,60brtm
484,62,174,83,93,90,15,40,60,67,41,104,41,79,26,58,29,25,307,60avgm
485,67,182,68,80,74,15,36,59,54,44,93,29,84,19,59,27,26,251,60brtm
486,36,174,64,76,74,16,37,58,55,45,92,33,80,26,59,25,31,247,30avgm
487,59,169,71,91,90,17,37,56,58,42,96,50,74,29,59,26,27,302,50qm
488,59,166,65,85,78,17,39,54,56,38,92,44,75,27,57,27,27,272,50avgm
489,55,168,58,83,83,15,38,57,49,40,88,37,76,29,57,25,26,261,50qm
490,53,176,77,81,78,17,36,60,55,45,99,36,80,24,61,28,25,272,50avgm
491,51,161,65,88,92,15,40,53,54,41,94,34,68,26,57,28,30,279,50avgm
492,44,164,58,73,71,16,38,56,53,43,93,35,74,28,58,28,29,237,40avgm
493,42,166,66,84,81,15,35,55,58,41,93,34,74,26,58,25,25,265,40avgm
494,55,163,58,75,75,15,34,56,54,43,88,34,74,26,56,24,29,242,50qm
495,58,175,67,78,75,15,35,60,57,43,96,38,84,25,55,24,25,258,50qm
496,36,166,64,74,74,16,36,55,56,40,92,34,74,24,57,24,28,246,30avgm
497,42,173,63,77,75,15,34,57,53,44,92,34,78,25,57,26,29,249,40avgm
498,40,127,30,63,60,12,28,41,44,33,70,38,57,24,54,19,27,191,40avgm
499,42,127,29,60,59,12,29,42,42,33,68,37,58,26,52,18,28,185,40avgm
500,40,146,46,78,76,14,32,50,52,37,83,35,68,27,56,24,26,235,40avgm
501,46,152,41,65,61,13,29,51,47,41,80,37,73,23,55,21,35,204,40avgm
502,40,173,79,85,84,16,37,60,66,43,100,41,81,27,58,26,29,289,40avgm
503,40,165,66,75,72,15,35,56,57,41,95,42,74,26,57,27,25,255,40avgm
504,43,174,84,92,93,18,38,60,64,47,100,41,78,23,60,29,27,310,40avgm
505,48,166,61,77,75,14,36,57,53,40,91,44,76,27,56,26,22,257,40avgm
506,35,173,64,74,73,15,36,58,54,46,91,38,77,23,56,27,29,249,30avgm
507,45,172,82,89,85,17,40,56,66,46,104,34,74,26,60,30,27,290,40avgm
508,50,168,77,93,91,16,40,55,66,44,100,34,72,28,58,27,30,295,50avgm
509,48,161,69,90,90,17,39,56,60,40,95,41,72,27,56,26,31,290,40avgm
510,55,166,77,90,91,15,38,56,60,43,96,38,73,25,59,27,24,296,50avgm
511,49,173,62,76,73,14,36,55,52,45,90,34,75,26,60,27,27,245,40avgm
512,40,186,89,90,87,16,38,61,62,48,100,41,85,26,60,28,29,307,40avgm
513,44,192,107,104,103,18,40,69,67,48,113,39,89,25,60,29,22,353,40avgm
514,47,175,82,94,92,15,40,60,65,46,99,43,79,25,57,27,28,311,40avgm
515,26,161,63,89,89,17,38,56,59,40,89,37,69,27,57,28,28,278,20avgm
516,23,159,60,90,88,17,42,55,56,42,91,35,71,27,56,24,26,273,20avgm
517,23,178,81,87,85,17,39,59,62,46,101,40,80,24,58,29,27,293,20avgm
518,25,179,79,89,86,17,39,62,62,48,100,41,83,28,57,27,28,295,20avgm
519,25,172,76,86,84,17,40,58,63,42,97,36,75,29,60,30,26,282,20avgm
520,24,175,65,76,75,16,35,60,55,44,91,35,79,28,57,26,30,251,20avgm
521,24,158,70,87,87,18,38,51,61,42,95,35,67,25,57,25,25,279,20avgm
522,26,174,66,80,78,15,36,58,56,44,93,36,78,29,57,27,28,260,20avgm
523,20,176,60,71,69,15,38,57,50,39,88,34,79,27,60,27,31,234,20avgm
524,24,167,65,81,78,16,35,57,55,43,95,36,73,24,58,27,27,260,20avgm
525,25,172,67,81,81,16,36,55,60,42,95,37,75,28,60,27,28,266,20avgm
526,26,175,76,88,88,17,38,58,60,43,98,35,78,22,57,25,28,287,20avgm
527,29,172,69,81,79,16,39,57,55,46,96,34,78,27,60,25,31,263,20avgm
528,31,170,64,77,75,16,37,60,56,41,93,35,78,25,60,26,25,251,30avgm
529,33,163,67,91,86,16,38,55,54,42,95,33,73,26,60,26,29,277,30bqm
530,26,171,78,86,83,16,37,54,62,45,100,36,72,27,57,27,27,283,20avgm
531,29,166,72,86,84,17,38,55,63,42,96,36,74,28,59,25,25,278,20avgm
532,29,188,83,87,87,17,39,67,60,46,98,36,90,25,58,26,24,293,20avgm
533,26,178,78,80,78,16,38,59,65,48,100,33,80,26,59,27,32,269,20avgm
534,21,164,58,81,82,17,36,55,50,38,88,35,74,26,54,26,28,256,20avgm
535,25,161,87,98,101,17,41,54,69,43,102,33,68,24,57,27,25,319,20avgm
536,26,160,58,87,88,17,38,54,51,43,89,40,71,26,56,25,29,273,20avgm
537,25,176,81,94,93,18,40,58,60,46,102,38,76,23,59,29,27,306,20avgm
538,32,174,61,70,69,16,37,56,52,46,93,40,76,25,59,27,24,240,30avgm
539,25,176,58,69,68,16,35,60,52,46,89,35,82,26,58,26,31,230,20avgm
540,25,169,72,81,81,16,41,55,60,44,97,38,76,24,57,26,28,272,20avgm
541,23,171,77,91,92,18,42,58,55,41,96,32,78,26,58,28,23,292,20avgm
542,67,178,78,88,85,16,38,62,58,47,97,40,83,24,58,27,26,291,60brtm
543,67,161,68,89,89,17,38,57,56,41,96,41,73,27,57,24,27,287,60avgm
544,66,173,63,75,73,16,36,58,56,45,91,38,80,30,55,25,30,249,60brtm
545,68,172,72,86,83,17,38,59,60,43,97,40,79,27,57,26,26,281,60avgm
546,68,166,70,85,84,17,36,56,60,43,97,40,75,27,56,25,27,279,60avgm
547,67,172,71,83,81,16,35,60,62,44,94,40,78,29,59,26,29,275,60brtm
548,69,170,72,84,78,16,35,57,63,43,101,35,80,27,57,28,26,269,60rtm
549,69,170,63,78,77,16,38,56,54,44,91,38,75,24,59,26,31,256,60brtm
550,58,157,61,85,87,17,35,52,52,39,89,36,66,23,55,25,26,269,50avgm
551,69,169,59,72,70,15,37,54,57,41,91,36,74,24,58,26,25,237,60sqm
552,25,170,64,76,75,17,35,59,57,40,94,38,77,25,57,26,25,253,20avgm
553,24,184,70,80,77,16,35,64,58,45,97,33,85,25,56,27,27,260,20avgm
554,25,175,71,82,78,15,35,57,65,44,95,35,76,28,58,29,27,266,20avgm
555,44,161,56,79,77,16,34,55,51,42,88,36,71,28,55,28,26,248,40avgm
556,29,170,74,88,87,15,38,57,61,42,98,39,78,26,58,26,22,288,20avgm
557,47,168,54,73,72,16,33,57,49,39,86,32,76,26,58,25,23,231,40sqm
558,52,178,109,112,104,18,44,63,75,43,117,35,82,28,60,29,26,360,50avgm
559,56,164,56,73,71,15,35,55,55,43,100,34,72,28,57,27,27,234,50avgm
560,45,159,74,98,98,17,43,54,64,39,98,35,65,31,58,31,27,305,40avgm
561,44,172,91,99,95,17,40,58,68,47,109,34,74,28,62,31,30,319,40avgm
562,33,168,66,90,87,16,38,57,62,42,95,34,75,28,57,27,30,277,30bqm
563,38,171,75,89,86,17,39,59,60,43,98,41,75,27,58,27,26,291,30avgm
564,41,166,69,82,80,16,36,55,59,43,97,39,71,25,59,26,28,270,40avgm
565,31,169,98,103,103,18,47,55,75,46,110,42,71,25,60,28,24,346,30avgm
566,34,175,62,71,70,16,36,60,50,47,88,40,78,26,60,27,29,243,30avgm
567,33,169,70,85,86,16,41,58,58,45,94,41,76,26,58,26,25,282,30avgm
568,39,168,51,70,68,15,34,57,47,44,85,38,75,23,56,25,29,227,30avgm
569,35,178,66,77,74,15,35,60,56,41,96,34,83,26,57,26,24,251,30srtm
570,34,168,79,92,90,17,38,56,64,44,99,34,75,27,57,26,27,295,30avgm
571,37,182,81,88,85,16,36,60,64,43,104,38,83,26,59,27,24,292,30avgm
572,40,164,60,80,78,14,35,55,58,40,90,37,72,30,56,28,30,255,40avgm
573,38,173,72,86,83,16,42,61,60,47,105,35,80,26,59,27,28,276,30avgm
574,33,168,64,79,75,16,36,58,58,41,95,33,73,27,58,29,27,251,30avgm
575,35,176,67,78,77,17,36,60,56,44,96,41,81,27,58,25,25,263,30avgm
576,34,170,58,68,67,16,34,59,51,46,89,39,78,27,56,24,32,232,30srtm
577,34,152,70,94,97,17,41,53,58,43,99,40,65,28,60,25,27,301,30bqm
578,31,167,66,79,77,16,37,59,59,42,96,38,76,25,58,26,29,260,30avgm
579,31,176,72,90,86,16,34,60,60,43,99,41,81,29,59,26,28,289,30avgm
580,31,169,62,75,73,16,33,56,56,44,89,38,75,25,59,23,32,248,30avgm
581,29,167,57,70,68,15,35,55,52,40,91,38,73,26,57,25,27,233,20avgm
582,30,165,70,89,88,18,41,57,66,44,96,38,70,23,56,28,25,285,30avgm
583,33,168,72,92,94,18,38,58,55,39,96,39,72,23,57,25,26,297,30avgm
584,35,169,65,78,76,16,36,54,56,42,94,36,72,25,58,26,33,255,30avgm
585,31,173,86,94,92,17,40,62,67,46,105,40,79,28,58,29,27,312,30avgm
586,40,176,69,81,78,15,37,60,61,46,95,37,83,25,58,28,30,265,40avgm
587,50,138,38,65,64,14,30,45,47,36,77,39,63,25,54,23,25,206,50avgm
588,63,171,71,91,90,14,35,59,58,41,97,40,76,26,58,27,21,292,60avgm
589,55,178,63,71,70,16,36,57,53,48,94,37,79,26,59,27,29,241,50avgm
590,53,178,56,72,71,15,34,60,47,44,87,35,82,24,56,29,28,234,50avgm
591,58,179,68,80,77,16,34,59,56,41,97,42,80,28,59,29,27,267,50avgm
592,28,186,85,88,86,18,39,62,68,44,101,40,85,27,60,27,26,299,20avgm
593,24,167,71,84,82,16,37,58,62,43,100,39,77,28,58,27,27,276,20avgm
594,45,177,61,71,70,16,35,59,54,42,88,42,83,27,56,25,29,244,40avgm
595,36,174,59,75,72,16,37,61,58,46,89,35,81,26,56,28,25,241,30srtm
596,29,169,64,75,74,16,34,57,60,44,92,40,76,28,57,25,28,253,20avgm
597,55,167,63,77,74,16,34,58,56,42,94,42,76,24,57,28,30,256,50avgm
598,51,173,56,70,70,15,33,57,52,41,87,40,80,28,56,25,28,236,50qm
599,57,165,63,77,75,17,34,57,56,42,92,40,75,26,56,25,32,255,50qm
600,60,159,70,85,84,17,38,56,64,42,98,36,73,26,58,23,32,275,60avgm
601,33,156,42,63,60,14,32,53,45,39,78,36,74,23,56,24,30,201,30avgm
602,29,159,47,67,64,15,31,53,48,38,82,37,74,27,57,24,34,215,20avgm
603,42,176,95,103,100,17,39,63,71,47,106,37,84,29,57,28,28,335,40avgm
604,56,172,76,93,89,16,39,56,63,41,100,38,76,25,58,31,27,296,50avgm
605,30,176,68,78,76,16,35,59,57,44,94,38,80,26,57,26,29,260,30avgm
606,32,171,54,70,68,15,34,60,50,43,88,33,79,25,57,26,28,225,30srtm
607,30,171,53,68,67,15,33,54,52,42,89,34,75,28,57,24,28,222,30avgm
608,30,163,74,87,85,17,37,55,63,43,99,36,71,29,58,28,30,282,30bqm
609,59,181,68,81,79,16,37,59,57,42,95,32,79,28,58,27,29,260,50avgm
610,25,178,65,74,72,16,34,60,55,42,93,43,83,30,59,27,33,254,20avgm
611,26,163,55,70,68,15,34,55,50,44,88,37,72,26,57,24,33,230,20avgm
612,39,165,52,69,66,15,32,57,50,40,88,39,77,27,55,25,25,226,30avgm
613,59,160,59,76,75,16,34,53,55,42,89,38,69,27,55,25,29,248,50qm
614,38,169,83,90,89,17,40,58,65,44,106,43,75,28,58,27,24,305,30avgm
615,43,168,52,66,64,16,32,56,49,42,87,38,77,25,56,26,24,220,40avgm
616,22,167,66,75,74,16,37,60,57,44,94,35,76,25,57,27,29,250,20avgm
617,22,172,58,71,65,16,33,60,52,42,90,42,80,30,55,27,27,236,20avgm
618,29,168,55,67,66,15,33,56,57,40,89,45,73,30,59,27,31,233,20avgm
619,34,166,58,71,71,16,35,56,52,44,90,40,75,26,58,24,31,240,30avgm
620,40,168,67,80,79,16,37,58,57,42,93,35,77,26,56,26,29,261,40rtm
621,43,167,64,78,73,17,35,57,59,43,94,34,74,26,56,28,33,249,40avgm
622,45,173,78,93,89,16,36,61,65,41,104,35,80,30,57,27,25,295,40avgm
623,41,170,53,69,64,15,32,58,52,40,88,33,82,27,57,26,30,219,40sqm
624,40,173,65,78,75,16,36,59,56,47,96,39,77,26,57,28,29,257,40avgm
625,47,177,63,80,79,15,37,58,55,38,92,35,81,28,57,27,23,257,40avgm
626,43,174,72,84,81,18,39,60,60,43,97,35,80,28,58,28,23,272,40avgm
627,46,185,73,80,77,16,39,62,60,46,100,37,86,26,56,27,25,267,40avgm
628,30,178,59,67,66,16,35,62,49,43,90,38,82,26,57,28,23,230,30srtm
629,43,175,78,90,86,17,36,58,61,44,97,39,79,25,59,27,25,293,40avgm
630,47,185,107,111,107,18,41,69,70,45,112,38,91,24,58,28,22,363,40avgm
631,24,169,80,96,92,17,37,58,66,41,104,33,75,24,57,30,31,301,20avgm
632,25,173,56,73,67,15,33,57,51,41,90,39,79,28,54,26,32,235,20avgm
633,46,165,64,77,75,15,36,54,59,41,98,37,72,27,58,27,28,253,40avgm
634,47,166,54,69,68,15,32,56,49,39,88,35,73,26,57,27,27,226,40avgm
635,52,172,80,94,90,18,38,59,66,44,101,37,76,24,57,28,28,301,50avgm
636,43,171,60,77,73,16,34,58,57,41,91,39,79,27,55,25,31,249,40avgm
637,61,171,59,77,73,15,33,61,55,39,94,38,81,27,58,26,29,247,60sqm
638,30,174,60,72,71,15,33,63,56,42,90,33,84,27,55,25,31,236,30srtm
639,23,161,49,66,66,16,34,53,51,36,84,34,72,27,56,24,31,215,20avgm
640,23,165,59,71,71,15,35,56,55,39,90,34,74,27,57,28,25,235,20avgm
641,22,163,50,68,67,14,35,56,50,41,85,33,75,26,55,27,32,218,20avgm
642,22,180,74,83,78,17,35,61,59,47,100,35,85,28,56,28,27,270,20avgm
643,33,175,62,76,74,17,35,60,53,44,92,32,81,26,57,28,30,244,30srtm
644,52,177,69,78,75,16,33,62,58,41,98,35,83,28,56,28,29,257,50avgm
645,61,168,54,73,70,16,33,56,55,40,89,32,76,26,57,28,27,229,60sqm
646,20,174,64,71,71,17,36,59,54,44,93,30,77,26,57,28,29,236,20avgm
647,24,174,57,73,71,16,33,60,53,39,89,34,84,24,56,27,25,235,20avgm
648,23,160,52,71,70,15,32,57,52,41,87,35,75,27,55,24,31,228,20avgm
649,20,170,67,81,80,17,36,59,57,43,97,36,78,25,57,27,33,264,20avgm
650,20,174,69,81,79,17,40,61,59,45,96,32,80,29,56,27,27,261,20avgm
651,33,181,86,94,92,17,39,62,64,49,107,33,84,28,60,28,28,305,30avgm
652,28,172,75,92,92,17,39,58,59,45,98,36,76,29,58,29,28,295,20avgm
653,33,178,89,92,95,18,41,62,64,47,104,34,81,29,60,29,26,310,30avgm
654,36,163,53,68,65,15,35,57,54,42,89,34,74,30,56,25,28,220,30avgm
655,41,174,78,93,89,16,39,58,60,48,100,33,79,26,58,29,30,293,40avgm
656,48,165,54,70,67,14,32,55,53,42,89,35,75,31,57,26,32,226,40avgm
657,38,174,63,71,68,16,34,59,53,44,93,39,82,27,56,27,29,241,30srtm
658,38,162,48,63,62,14,31,54,49,39,82,41,70,25,57,27,30,214,30avgm
659,44,159,52,68,66,15,34,54,52,39,88,30,72,26,59,25,28,216,40avgm
660,36,148,35,58,57,13,29,50,44,37,73,37,70,29,55,24,30,187,30avgm
661,51,168,54,68,65,16,33,56,52,41,88,37,77,29,57,26,26,224,50qm
662,44,157,43,62,60,15,31,55,45,39,80,36,75,30,54,24,27,201,40avgm
663,44,164,52,70,69,15,32,54,51,41,87,36,73,29,57,26,31,227,40avgm
664,41,160,51,70,68,15,32,53,55,40,84,33,70,27,56,27,27,222,40avgm
665,49,163,49,76,72,14,30,58,54,38,84,33,80,28,54,26,25,230,40avgm
666,44,163,45,69,64,14,30,52,48,39,81,40,75,29,54,24,28,218,40avgm
667,42,165,57,71,68,16,36,55,58,40,90,38,73,28,56,27,32,234,40avgm
668,40,165,52,70,66,15,30,55,49,44,88,39,77,26,55,26,27,227,40avgm
669,47,172,51,66,66,15,31,57,48,40,86,43,79,28,54,26,22,226,40avgm
670,42,160,59,82,80,16,33,54,56,40,89,44,72,26,56,27,29,265,40avgm
671,40,165,85,99,94,17,36,55,69,42,106,39,71,28,57,30,24,317,40avgm
672,39,160,49,69,64,14,30,55,48,40,84,43,75,31,55,25,27,225,30avgm
673,52,167,66,83,83,17,37,55,55,44,91,37,73,25,58,27,27,269,50avgm
674,36,174,75,83,81,17,38,60,62,45,100,39,77,24,58,29,31,278,30avgm
675,33,175,77,93,94,17,41,60,58,48,97,33,79,24,56,29,26,297,30avgm
676,33,151,47,70,68,15,34,50,54,38,83,35,68,25,54,26,25,220,30avgm
677,32,162,66,91,89,18,40,51,53,41,93,32,68,28,56,29,25,278,30bqm
678,36,165,66,87,82,17,35,57,66,40,95,33,78,28,55,28,29,268,30bqm
679,36,164,65,88,86,15,36,57,57,40,93,26,75,23,57,26,29,265,30bqm
680,34,174,78,83,80,16,38,58,61,44,101,36,77,26,60,28,25,277,30avgm
681,30,179,76,76,75,17,40,60,58,42,98,35,78,26,59,26,28,262,30avgm
682,35,178,63,77,74,16,37,62,55,42,94,35,83,25,58,28,28,249,30avgm
683,26,152,43,66,64,15,31,51,49,36,80,36,69,26,54,22,30,209,20qm
684,38,163,52,73,72,15,33,55,53,39,85,41,74,29,58,26,23,238,30avgm
685,31,164,72,90,90,16,38,57,67,44,100,35,75,24,57,25,30,287,30avgm
686,32,154,56,82,79,15,33,52,62,36,90,32,70,28,54,26,27,249,30avgm
687,32,160,66,86,83,16,35,57,61,38,97,34,73,28,56,27,24,269,30bqm
688,37,164,56,73,69,16,33,57,58,42,89,36,73,27,58,29,27,234,30avgm
689,41,134,32,61,59,13,29,45,44,33,72,34,62,26,55,21,28,186,40avgm
690,63,177,85,94,94,18,44,61,65,45,102,29,77,22,59,33,26,302,60brtm
691,33,178,84,92,89,18,39,61,62,44,102,31,80,26,60,32,28,296,30avgm
692,39,175,69,81,79,17,40,60,56,44,97,34,77,28,57,28,26,263,30avgm
693,33,141,33,61,59,13,29,45,44,37,72,33,66,25,54,23,30,186,30avgm
694,44,168,59,70,68,16,34,58,56,44,96,36,76,26,55,27,29,233,40avgm
695,42,154,52,77,77,15,32,52,54,40,84,32,70,29,55,24,29,238,40avgm
696,47,127,25,56,55,12,27,43,41,33,65,37,57,27,52,22,35,173,40avgm
697,37,130,30,62,61,12,29,44,45,35,71,36,57,23,55,22,25,189,30avgm
698,34,164,59,75,74,16,36,56,55,43,90,31,75,25,60,26,23,239,30sqm
699,32,146,44,72,70,14,33,49,52,39,82,37,66,29,55,23,32,223,30avgm
700,42,153,64,90,88,16,34,52,62,39,94,36,70,28,54,27,21,278,40avgm
701,23,159,46,67,63,15,32,54,49,36,83,32,74,24,55,28,31,208,20avgm
702,23,164,56,70,67,15,33,54,54,31,89,29,74,22,55,27,26,222,20avgm
703,25,162,54,75,71,16,32,54,57,42,89,35,72,25,57,27,34,235,20avgm
704,25,157,49,73,70,15,32,55,51,38,82,34,72,25,55,25,26,226,20avgm
705,27,159,66,85,84,18,40,56,56,41,95,27,70,21,57,28,28,262,20avgm
706,24,160,55,78,72,16,34,57,58,40,87,33,74,25,57,25,29,238,20avgm
707,27,162,59,81,76,16,33,55,57,42,91,29,73,20,56,29,25,245,20avgm
708,27,129,28,59,59,11,27,45,42,33,68,34,58,23,54,22,30,180,20qm
709,23,174,83,94,92,18,40,57,67,43,99,43,75,29,58,32,26,312,20avgm
710,28,144,46,82,74,15,32,51,54,33,82,35,66,24,54,25,19,237,20avgm
711,64,143,46,81,77,14,34,50,55,37,86,43,66,27,56,24,26,247,60sqm
712,61,170,75,94,92,16,37,57,62,43,99,34,74,25,56,29,26,295,60avgm
713,61,128,27,60,58,12,28,43,40,33,67,27,59,21,52,19,20,172,60sqm
714,33,180,63,74,73,17,36,60,51,44,88,28,80,23,59,29,26,238,30avgm
715,65,167,57,76,73,14,34,56,54,41,93,29,76,20,56,27,30,235,60sqm
716,35,163,46,66,62,14,30,57,47,39,84,27,77,20,56,26,31,201,30avgm
717,24,174,57,70,68,16,35,60,50,40,87,36,79,29,56,25,24,231,20avgm
718,24,128,25,55,54,13,26,43,38,30,64,26,57,19,53,22,24,160,20qm
719,26,141,37,67,66,13,30,47,46,37,78,32,62,22,56,23,29,202,20avgm
720,24,142,36,68,64,13,29,48,45,35,76,40,65,26,57,23,30,208,20avgm
721,58,175,66,78,76,16,35,60,55,41,94,32,79,24,57,28,29,252,50avgm
722,39,167,62,77,74,15,35,58,61,43,95,32,74,23,59,27,29,245,30avgm
723,32,132,26,54,53,12,28,46,38,33,64,28,63,19,51,20,27,161,30avgm
724,37,149,68,96,91,16,35,51,68,38,98,31,66,23,54,29,20,286,30bqm
725,23,145,39,67,65,14,30,49,47,35,77,37,68,28,56,24,27,208,20avgm
726,31,146,41,71,71,14,30,51,47,37,77,29,69,21,54,24,23,212,30avgm
727,37,171,57,72,66,16,35,56,51,46,89,30,76,21,57,29,29,225,30avgm
728,40,176,69,76,73,16,37,59,58,44,97,33,81,25,58,28,31,251,40avgm
729,51,175,66,76,74,15,36,60,60,44,95,35,80,25,56,28,30,251,50avgm
730,38,163,56,69,69,15,36,56,51,42,88,33,75,24,56,25,29,227,30avgm
731,31,181,60,73,71,16,33,64,53,39,91,30,87,22,58,25,25,234,30avgm
732,31,168,54,72,70,15,34,57,50,43,87,31,76,20,54,27,31,227,30avgm
733,37,164,66,85,84,17,37,56,55,43,96,37,69,26,57,29,27,272,30bqm
734,31,151,44,73,68,14,32,50,51,40,81,35,70,24,56,24,32,220,30avgm
735,32,165,76,91,91,16,39,57,66,42,103,29,72,21,59,27,30,287,30bqm
736,32,144,44,77,74,15,32,49,52,36,81,27,65,22,54,25,26,222,30avgm
737,61,135,40,74,74,15,31,44,50,32,77,34,61,23,57,22,24,222,60sqm
738,52,151,62,89,88,16,37,53,60,37,92,30,68,22,58,26,25,269,50qm
739,62,145,40,66,62,14,30,50,47,39,77,26,67,20,57,24,28,194,60sqm
740,52,139,45,78,74,15,33,46,53,34,81,42,62,29,56,23,25,239,50avgm
741,31,141,34,61,60,14,28,47,44,34,72,37,66,28,55,23,27,192,30avgm
742,31,129,26,58,56,12,27,45,39,32,65,38,59,28,54,19,28,178,30avgm
743,30,165,66,89,84,16,39,56,55,44,92,40,71,31,55,30,27,279,30avgm
744,35,128,30,63,61,14,31,42,45,32,70,39,56,29,54,21,28,193,30avgm
745,49,171,63,74,72,16,36,61,56,45,94,34,77,27,57,28,30,243,40avgm
746,62,171,59,68,66,17,34,59,52,44,89,30,78,23,55,27,33,223,60brtm
747,35,134,32,64,61,13,29,44,45,34,73,28,60,19,53,22,28,185,30avgm
748,47,138,32,58,58,13,30,46,44,35,70,27,63,20,53,22,29,175,40avgm
749,35,128,32,61,61,14,30,43,46,34,73,34,56,19,53,22,29,188,30avgm
750,32,145,37,60,57,14,32,48,45,36,74,27,65,20,55,24,31,181,30avgm
751,36,142,46,80,77,14,32,47,55,35,84,25,61,20,55,25,28,228,30avgm
752,51,164,68,87,82,16,40,54,61,43,95,30,73,22,57,28,33,267,50avgm
753,38,175,80,86,83,18,39,59,61,45,100,34,79,27,59,28,23,283,30avgm
754,39,132,29,59,58,13,27,44,43,33,70,40,61,25,53,21,27,186,30avgm
755,61,131,27,58,57,12,30,44,40,33,66,40,59,27,55,22,24,182,60sqm
756,52,127,24,55,54,11,27,40,37,33,61,40,57,29,51,21,33,173,50avgm
757,33,146,42,72,70,14,30,49,48,36,79,34,65,29,56,26,32,218,30avgm
758,37,134,35,66,63,14,31,45,50,32,75,32,62,24,54,23,25,196,30avgm
759,35,130,28,57,58,14,28,44,40,34,66,30,57,24,55,21,25,173,30avgm
760,32,147,33,59,59,13,29,49,42,37,72,29,69,22,56,20,31,180,30avgm
761,34,177,97,98,95,17,40,62,69,45,111,35,78,25,62,30,24,325,30avgm
762,35,127,24,54,53,12,26,44,38,32,62,39,59,25,50,19,29,170,30avgm
763,38,138,42,77,72,14,32,48,53,36,84,29,62,21,53,23,29,220,30avgm
764,30,135,36,64,63,13,30,50,47,38,75,28,70,21,53,22,33,191,30avgm
765,49,123,21,52,52,12,27,41,34,32,59,29,57,20,52,20,28,154,40avgm
766,49,167,73,86,84,17,40,54,63,42,96,30,69,22,57,29,22,273,40avgm
767,35,158,54,82,73,15,31,54,56,39,91,38,72,29,55,28,28,247,30avgm
768,38,142,38,67,65,13,31,46,48,36,77,32,64,25,54,23,29,202,30avgm
769,36,135,32,63,60,13,30,47,45,35,73,33,62,24,53,22,22,188,30avgm
770,52,124,22,53,53,11,25,40,36,30,63,37,53,27,52,20,28,165,50avgm
771,52,133,31,68,62,12,32,43,48,33,72,35,56,24,55,22,26,196,50avgm
772,56,152,38,63,62,13,31,52,49,35,74,35,69,27,55,27,28,198,50sqm
773,36,152,37,61,58,14,29,51,43,35,74,31,73,26,55,24,23,187,30avgm
774,53,170,70,89,88,16,38,56,57,41,96,44,73,28,57,29,24,291,50avgm
775,43,157,63,93,91,17,38,58,55,41,92,33,73,21,57,24,22,280,40avgm
776,49,162,57,80,77,17,36,55,50,42,88,33,73,19,55,26,27,247,40avgm
777,52,141,31,61,59,13,30,47,40,35,70,42,65,26,52,21,28,193,50avgm
778,24,132,35,70,67,14,30,45,47,34,76,31,62,20,53,20,27,203,20avgm
779,53,132,30,60,57,13,29,44,45,35,69,34,60,21,54,22,32,181,50avgm
780,53,139,43,78,73,14,33,46,53,33,83,38,60,25,55,25,25,232,50avgm
781,61,131,27,54,52,13,28,45,40,31,66,26,59,18,53,21,25,159,60sqm
782,66,131,39,75,73,14,32,42,52,35,80,37,56,28,55,23,25,224,60sqm
783,36,152,50,76,73,15,32,52,52,38,86,35,68,27,55,26,29,234,30avgm
784,38,137,34,61,60,14,31,44,45,36,74,36,60,26,54,24,32,191,30avgm
785,67,145,57,88,86,16,37,49,57,38,91,43,62,29,55,26,22,274,60avgm
786,35,166,70,77,77,16,39,56,60,44,97,39,73,27,56,26,29,263,30avgm
787,36,166,55,73,70,14,33,56,54,41,89,43,76,28,57,26,31,241,30avgm
788,37,175,63,76,73,15,34,59,56,43,95,35,77,28,58,30,28,247,30avgm
789,36,180,70,81,80,16,37,60,58,44,99,36,81,28,58,29,33,267,30avgm
790,27,164,81,98,97,18,42,54,67,42,101,27,69,20,59,32,27,303,20avgm
791,23,173,69,77,74,16,38,58,56,45,93,38,77,27,58,29,28,258,20avgm
792,27,166,62,80,77,16,36,54,55,41,90,40,72,25,56,30,27,259,20avgm
793,25,166,64,76,73,17,36,55,61,44,93,38,73,28,57,27,29,251,20avgm
794,25,166,72,84,80,16,36,56,60,42,100,37,71,28,58,28,20,273,20avgm
795,25,170,61,73,71,15,36,58,53,44,90,36,74,26,58,27,28,241,20avgm
796,25,171,66,77,77,16,40,58,60,47,92,40,76,28,60,28,26,260,20avgm
797,26,166,62,81,77,16,39,56,56,41,91,36,73,26,55,29,30,256,20avgm
798,26,171,61,82,78,16,36,59,57,42,92,38,79,26,60,28,30,259,20avgm
799,22,148,38,67,63,14,29,52,46,34,76,43,69,27,56,25,25,211,20avgm
800,24,135,24,51,51,13,27,44,37,34,63,34,62,27,53,21,34,160,20avgm
801,49,129,32,65,65,14,30,43,46,34,72,41,57,27,53,24,29,203,40avgm
802,57,134,34,66,62,14,30,45,48,34,75,37,59,28,54,24,28,199,50avgm
803,58,124,22,52,52,11,26,39,38,30,62,38,55,32,52,19,30,164,50avgm
804,35,171,62,84,80,15,36,55,54,43,92,30,76,22,58,27,26,256,30avgm
805,39,176,62,78,77,15,36,59,52,40,89,32,78,24,59,27,21,249,30avgm
806,38,163,85,100,98,18,45,54,71,46,106,40,69,25,59,28,28,323,30avgm
807,36,144,34,64,63,13,29,49,45,34,73,35,67,27,56,23,28,196,30avgm
808,36,152,41,67,63,15,30,51,46,40,80,41,70,27,54,26,29,212,30avgm
809,38,142,36,62,61,13,29,46,46,35,76,41,65,26,56,22,31,200,30avgm
810,35,147,41,69,68,14,31,50,51,38,78,46,69,29,56,24,29,224,30avgm
811,25,162,69,85,85,16,38,53,62,41,95,42,70,27,58,27,30,281,20avgm
812,36,170,60,77,74,15,36,59,55,44,89,39,76,26,59,27,29,250,30avgm
813,38,172,76,89,87,17,39,57,59,45,99,41,76,27,59,28,25,293,30avgm
814,36,171,95,101,98,18,43,56,71,45,105,52,72,31,59,31,25,346,30avgm
815,36,169,68,87,87,17,42,58,57,44,92,43,75,30,58,28,31,285,30avgm
816,39,141,39,68,67,13,32,49,49,37,78,44,64,29,55,23,30,218,30avgm
817,36,174,65,80,79,16,35,62,54,43,91,36,78,26,57,28,28,260,30avgm
818,37,150,36,67,62,14,30,51,43,37,73,42,71,28,55,24,28,207,30avgm
819,38,149,50,81,78,15,31,51,55,37,88,40,69,27,53,23,26,249,30avgm
820,37,165,66,77,78,16,36,58,56,43,93,36,73,27,58,27,25,257,30avgm
821,36,172,64,78,75,16,38,59,54,39,91,35,79,25,58,28,28,252,30avgm
822,38,167,68,85,83,16,40,57,59,45,95,32,73,25,56,29,26,268,30avgm
823,38,171,70,84,83,15,38,58,57,45,96,37,76,25,57,27,26,274,30avgm
824,36,157,49,73,70,14,31,54,54,40,85,37,69,26,54,26,32,229,30avgm
825,55,159,60,77,78,16,35,56,57,38,94,29,71,22,56,27,24,244,50avgm
826,52,170,59,72,71,15,33,55,52,42,91,35,76,27,58,26,27,237,50qm
827,54,180,87,97,98,17,42,61,62,45,101,38,82,27,62,29,27,320,50avgm
828,52,169,64,78,76,17,37,57,58,42,94,39,75,28,57,27,29,257,50avgm
829,51,167,51,69,68,14,34,57,50,39,87,41,77,27,57,26,27,229,50qm
